rnbq1b1r/pp1kpppp/2p5/3p4/B3P1nP/8/PPPP1PP1/RNBQK1NR b KQ - 4 6,7
rnb1k1nr/1ppp1ppp/1q6/p7/Pb3P2/1PPPpN2/4P1PP/RNBQKB1R b KQkq - 2 9,0
1rbk1bnr/pp2pp2/nq5p/1BP3p1/3pP3/N1P4P/PQ1PKPPR/R1B3N1 b - - 1 13,-21
r1b3nr/pq2k3/np1p1b1p/PBp1P1pP/1P1Pp1PR/2P5/RB3K2/QN4N1 w - - 0 23,11
2r1k2r/1p2Np2/p1nq2pn/2p1pPb1/5P2/PPQ2BPK/2PP3P/R1B3NR b - - 2 25,8
rnbqkbr1/2p1pp2/1p1p2pB/7p/p2PPP2/N1P3nN/PPQ4P/R3KB1R w KQq - 0 11,24
3k1b1r/rb1p2pp/4p2n/1p2Pp2/PpP2Pq1/2NB1NPP/R2P1QR1/2B1K3 b - - 1 24,-76
1nb2b1r/rpp2kp1/p3p2p/2np1qPP/2P2p2/N6B/PPQPPP2/R1BK2NR b - - 6 14,46
r1bqkbnr/pppp1pp1/n6p/4p3/N2PP2P/7R/PPP1NPP1/1RBQKB2 b kq - 1 8,-12
rnbqk1nr/pp1pp1bp/6p1/2p2p2/P1B5/1PP1PP1P/3P2P1/RNBQK1NR w KQkq - 1 9,30
rnbqkbnr/pppp1p1p/4p3/6p1/P7/2R4P/1PPPPPP1/1NBQKBNR b Kkq - 1 6,41
rn1qkb2/pbpp1ppr/P3pn1p/1p4N1/2P5/1P6/3PPPPP/RNBQKBR1 b Qq - 0 8,-27
r1bqkbnr/pppp1p1p/8/n5p1/4p1NP/8/PPPPPPP1/R1BQKBNR w KQkq - 1 6,-1
2q1kb1r/r3ppp1/np3n1p/pN1p1b1Q/2p2P2/2P1P2N/PP1P1KPP/R1B2B1R w k - 6 13,31
rnbqkbnr/1p1pppp1/p6p/2p5/8/PP4PN/R1PPPP1P/1NBQKB1R w Kkq - 2 6,-6
1rbqk1nr/pppp2b1/n4ppp/4p3/2P1PPP1/P1N4N/1B1P3P/R2QKB1R w KQk - 1 10,4
rn1qkbnr/p1p1p1pp/1p1p1p2/8/5P2/1PPbP3/P2P2PP/RNBQKBNR b KQkq - 0 6,1
rnb2kr1/q4Q1p/2pb4/pP2ppp1/R1BPp1P1/2N3BP/1PP2P1R/4K1N1 b - - 4 21,21
rnbq2nr/2ppk2p/pp6/6pP/2PPpPp1/1P2b2R/PBQNP3/R3KBN1 b Q - 0 15,-11
rnb1kb1r/pp1q1ppp/2ppp2n/8/P1P4P/BP1P3R/4PPP1/RN1QKBN1 w Qkq - 0 9,24
rnbqkb1r/3p1p1p/1p2p2n/p1p5/3N2p1/PQP1P3/1P1P1PPP/RNB1KB1R w KQkq - 0 8,-32
r1bqkb1r/ppppn1pp/4p3/2n2p2/2P1P3/N4Q2/PP1P1PPP/1RB1KBNR w Kkq - 0 6,27
rnbq1b1r/p1pkpp1p/3p2p1/6Bn/PpPP4/8/RP2PPPP/1NQK1BNR w - - 0 10,-50
r1bqkbnr/pp1ppp2/n5p1/2p5/Q1P4p/6P1/PP1PPP1P/RNB1KBNR w KQkq - 0 6,-2
rn2kbnr/p3ppp1/1ppq4/3p3p/P1b1P1P1/2P2P1P/1PQP4/RNB1KBNR w KQkq - 0 8,26
r1bqkbnr/pppn3p/4ppp1/3p4/3P2P1/7P/PPP1PP2/RNBQKBNR w KQkq - 1 6,26
rnbqkb1r/p1pppppn/1p6/6N1/1P3P1p/N7/P1PPP1PP/R1BQKB1R w KQkq - 2 6,-51
rnb1kbr1/p2p1ppp/1p2p2n/2p3q1/4P3/3P1P1N/PPP2KPP/RNBQ1B1R b q - 2 7,72
rnb1q2r/pp3pp1/4k3/2Ppb2p/2PPp1PP/3QBN1B/P3PP2/RN2K2R b KQ - 3 13,25
rnb1kbnr/pp1p1p2/2p1p1pp/6B1/1qPP2P1/P7/1P1NPP1P/R2QKBNR b KQkq - 0 8,14
rnb1k2r/pppp1p1p/5q1n/4p1p1/1b4PP/1P3N2/P1PPPP2/RNBQKB1R b KQkq - 1 6,18
r4br1/p1pnp1kp/3q1p1n/3p4/PpPPPp2/1P5b/RQ2B1PR/1NB2KN1 b - - 4 21,32
rn1qkb1r/ppp1ppp1/3pb3/3n3p/2P1P2P/1PN2N2/P2P1PP1/R1BQKB1R b KQkq - 0 6,1
rn1qkbnr/pppbppp1/7p/3p4/1P6/P7/2PPPPPP/RNBQKBNR w KQkq - 2 6,10
1rbq1k2/pp1pQ3/1np5/5r1p/7P/B1P2P2/P2PP1PN/RN2KB2 b Q - 0 21,7
1rb1k2r/pppq2pp/5n2/4pp2/1PpP2Pb/1Q1P3N/P4P1P/RNB1KB1R w KQk - 1 12,43
rn2k1nr/pp4bp/Q3p1p1/5pP1/2pP3P/BPNbK3/P1P2P2/R3N2R b kq - 2 21,16
rnbq1b1r/1p3p1p/1P1pkn2/p1p1p1p1/P1P4P/3P1PP1/1B1KP2R/RN1Q1BN1 b - - 0 18,54
r1b2knr/ppnp1ppp/2pb4/4p3/P5Pq/2NP1P1P/1PPKP3/R1BQ1BNR w - - 3 8,-22
rn1qkbnr/pp1bppp1/8/3p3p/P1p1PP2/7N/1PPP2PP/RNBQKB1R w Qkq - 0 8,-26
r2qkb1r/1ppnpppp/p6n/3p4/3P1Pb1/2N5/PPP1P1PP/R1BQKBNR w KQkq - 3 6,34
r2q1bnr/p2p4/bpnk4/P1p1pppp/3NP1Q1/2P2PPP/NP1P4/R1B1KB1R w Q - 2 23,-15
rn2kr2/p3p1b1/2p1n3/R2Q3p/1qbP4/4K2N/1PP2PPR/2BN1B2 w q - 1 24,58
r1b1kq1r/pp1nB2p/2p3p1/PP1p4/2PP1P1P/R1K5/4QnP1/1N3B1R b - - 0 22,-35
rnb2bkr/3pp2p/p4p1n/1pp1PP2/2P3q1/P2B2pN/R2P2PP/1NB1KQR1 w - - 3 16,-1
rn2k1nr/p1q1b2p/3pp3/Pp3p2/2B3pP/1PN1pNP1/2P2P2/1RBQK2R b Kkq - 1 18,3
rnbq1bn1/1p1p1kpr/4pp1p/p1p5/1B3P1P/P2P3R/1PP1P1P1/RN1QKBN1 w Q - 1 9,10
r1b1kb1r/ppp3pp/Q2ppp1n/2n5/3P2Pq/4PP2/PPP1K2P/RNB2BNR w kq - 1 8,-5
r1b1kbnr/1pqp1pp1/2n5/p1p1p2p/8/4PN1P/PPPPBPP1/RNBQK1R1 w Qkq - 2 7,-9
r1bqkbn1/p1ppppp1/1r6/1p5p/1n3P2/NPPP2P1/PB2P2P/1R1QKBNR b Kq - 0 8,-13
rn2kbr1/1b1pp1p1/1q5n/pB3p1p/5P1P/N1P1P2Q/PP1P2P1/R1B2KNR b q - 3 11,-13
rnbq1b1r/3k1n2/p1p1p3/1p3pPp/PPp1PPQ1/3B4/3P1NP1/RNBK3R w - - 0 14,42
r1bqkbnr/pppnpp1p/3p2p1/8/1P6/2BPP1P1/P1P2P1P/RN1QKBNR b KQkq - 2 6,-7
rn2k2r/5p2/1p3npp/p1ppP3/4P2q/b5PP/PPP1bPR1/RNBQK3 w Qkq - 2 14,-28
rnq1k1nr/1bp2pp1/4p1QB/pp1p4/3P4/bP3P1P/2P1P1PR/RN2KBN1 w Qkq - 0 12,5
r1bk2nr/p1pB4/2np1q1p/1p4p1/4p1N1/2b2PP1/PP1P1K1P/RNB3QR w - - 2 13,73
1rbqkb1r/ppp1pp1p/2n3pn/3p4/1P1N4/3P3P/P1P1PPP1/RNBQKB1R w KQk - 1 6,-17
rnb1qbnr/p1pkp1pp/3p4/1p3p2/P1P5/2NP4/1P2PPPP/R1BQKBNR b KQ - 0 6,-25
r1b1k1n1/pp1p2pr/n1p2q1p/4pp2/1b1P3P/2N1P1PR/PPP1BP2/R1BQK1N1 b Qq - 8 9,-2
rnb2b2/4p1kp/2pp2r1/ppP2Pp1/q2P1Q2/7N/PPN2PPP/R1BK1B1R b - - 1 18,-129
rn2qbnr/p1k1p1p1/1pp1bp2/3p3p/4P1P1/P1P2P1P/1PQP3N/RNB1KB1R w KQ - 1 10,13
rnbqk2r/1pppp2p/5Ppb/p7/2P2NP1/1P6/P2n1P1P/RNBQKB1R b KQkq - 0 8,-32
1rbqkb1r/1ppp2p1/4p2n/p6p/1n2NpPP/3BP2N/PPPP1P2/R1BQK2R w Kk - 0 10,33
1rb1kbnr/1p2p2N/n1pp3p/p4p2/2P1P3/PP3P2/q2PBRPP/1NBQ2K1 w k - 0 15,-6
rn2kb1r/p1qppp1p/1pp3p1/2P4P/1Pb3n1/B4P1N/P1QPP1P1/RN2KBR1 b Qkq - 6 11,-39
2bq1b2/n1pkp1pr/r2p3n/pp3p2/1P3PPp/2PP3P/P2QP3/RNBNKB1R b KQ - 6 14,0
rnbqk1nr/1p1pp1b1/p1p2ppp/8/5P1P/2P3P1/PPQPP3/RNB1KBRN b Qk - 2 9,-24
r1b1kb1r/ppqp1p2/n3p1pp/2p4n/1P2P2P/P5PB/NBPP1P1R/R1Q1K1N1 b Qkq - 4 17,-20
rnbqk1r1/pp1pn1b1/2p2p1p/1P2p1P1/Q1P5/5N1R/P2PPPP1/RNB1KB2 b Qq - 3 10,34
2bqkb2/rp3p2/n2Ppn1r/p5p1/1P2PPPp/7P/P1PB4/RN1QK1NR w KQ - 0 14,13
r1bqkb1r/ppnppppp/8/2p1n1N1/2P5/P6P/RP1PPPP1/1NBQKB1R w Kkq - 2 7,-9
r1q1kb1r/1p2p1p1/1npn1p2/p2PP2p/7P/PQN2PP1/1P1PbKB1/R1B4R b kq - 1 18,-23
rnb1k2r/2q1p2p/B1p3p1/2P1p3/1p1P1pP1/PP3P2/R5P1/1N1QK1NR b Kkq - 0 15,-59
rnbqk1nr/p1pppp1p/1p3bp1/8/1PP2PP1/N6N/P2PP2P/R1BQKB1R w KQkq - 3 7,34
rnbqkb1r/p1ppnpp1/4p2p/8/Q1B1P3/N4N2/PP1P1PPP/R1B1K2R b KQkq - 4 8,5
rnb1kbnr/pp1p1p2/4p1pp/q1p5/4P3/P1PP1N2/1P3PPP/RNBQKBR1 b Qkq - 0 6,20
1rb1kb1r/1ppqppp1/5n1p/3p3P/2B2nP1/P3PQ2/RPPPNP2/1NBK3R w k - 3 14,56
2rn2r1/p1ppn1k1/3NB3/2p2ppq/Pb4pP/1P2P3/1B1PQP2/R3K2R b KQ - 2 23,5
rn3knr/1pqbp2p/3p1p1b/p5p1/2N2PP1/NPp4B/P1PPP2P/R1BQ1K1R w - - 4 12,8
rn1qkbnr/ppp1p1pp/5p2/3p4/1P3PbP/2N5/P1PPP1P1/1RBQKBNR w Kkq - 1 6,-17
rnbqk1nr/1ppp1ppp/4p3/p7/6PP/P7/P1PPPP2/1RBQKBNR b Kkq - 0 6,-19
rnbqkbn1/pppppp1r/8/5Pp1/PP5p/4P2P/2PPQ1P1/RNB1KBNR b KQq - 2 7,13
1n1qkb1r/1r1bpppp/1pp5/p2p4/2P3P1/N2P1N1P/PP1nPPB1/R1BQK2R b Kk - 8 13,44
1nb1qk1r/r2p3p/p4npb/1pp1pp1P/N1P5/P3P2Q/1P1P1PPR/1RB1KBN1 w - - 1 12,-34
1nbqk2r/1pppp2p/5bpn/1p1Q4/4Pp2/r1N4P/PPPP1PPR/1RBK2N1 w k - 6 10,44
rnk2b1r/p3pp1p/2pp1Ppn/1p3q2/6b1/1Q2PNP1/PPPN1K1P/1RB2B1R w - - 5 17,8
rn3qn1/1bpk1p1r/7b/pP1pp2p/PP1P3Q/R4P2/2K1P1P1/1NB2BNR b - - 2 15,60
r1bq1b1r/2ppk1pp/1p2pn2/p4pB1/1n1P4/PQP2PPP/1P2PK2/RN3BNR b - - 5 12,50
r1bq1bnr/2pp1kpp/p1n1p3/1p3P2/P3PP1P/R2P3B/1PP5/1NBQK1NR b K - 1 10,-26
rnbqkbnr/1p1p1pp1/4p2p/p1p4P/8/1P1P2R1/P1PNPPP1/1RBQKBN1 w kq - 0 9,-15
rnb2bnr/2q2kpp/pp1ppp2/1Pp5/P4P2/6P1/2PPPKBP/RNBQ2NR b - - 0 9,-26
r1bqk1nr/ppp1p3/3p1p1b/4nQ1p/6pP/2P3P1/PP1PPP2/RNB1KBNR w KQkq - 0 9,-31
rn5r/p3kpbp/b1p1q1pn/1Q1Pp3/1P6/P1P2PPP/R2P2K1/1NB2BNR b - - 0 16,-4
rnb1kbn1/pp1p1ppr/q1p4p/5P2/3Kp1P1/3P4/PPP1P2P/RNBQ1BNR w q - 3 8,-15
rnbq3r/3kpp2/1pNp4/p2p3p/P2PPPp1/6KN/2PQ2PP/2R2B1R b - - 0 23,-92
r1bqk2r/ppppppbp/6pn/P4n2/1P6/2NPP3/2P1NPPP/R1BQKB1R b KQkq - 2 7,16
r2qkbn1/ppp1p1p1/2n1b3/1B1pP2r/5Q1N/NP1P3P/P1P2PP1/R1B1K2R b KQq - 0 12,11
2r1kbnr/p4pp1/1p2pP1p/2pp4/2b3P1/BP1P3R/P2PK3/RN4N1 w k - 6 19,8
rn2kr2/n2bbp2/1pq4p/p1pppPp1/1P4PP/2QP1N2/P1P1PK2/RNB2BR1 w q - 1 23,58
r1bqk1nr/1pp1bp2/2np2p1/pN2p2p/4P3/PP6/2PP1PPP/R1BQKBNR w Kkq - 1 8,-3
rnb1kb1r/1p1p1p2/pqp5/3np1p1/1PP1P2p/P2B3P/2NPNPP1/R1BQ1K1R b kq - 0 10,-14
r1bqkbnr/3pp1p1/ppn5/2p4p/2P2p2/N2P1P2/PPQ1PKPP/1RB2BNR w kq - 2 8,73
rN1qk3/2n1p3/b5rp/1p1p1ppn/1p1PPB2/2NB3P/P1PK1PPR/R4Q2 w q - 0 19,26
rnb1k2r/1p1pnpbp/p3pq2/2p5/2B1PPQP/2P5/PP1P2P1/RNB1K1NR b KQkq - 4 9,-24
rn1qk1n1/ppp1bp1r/3pp2p/6pb/1P5P/P1P3P1/2RPPP1N/1NBQKB1R w Kq - 3 13,4
rn1qkb2/n1pp2pr/p6p/P2bPp2/2p2BP1/1P3PQN/7P/R2K1BR1 w - - 0 21,-74
rn1qkbnr/2p1pppp/b6P/p2p2B1/RPP3P1/3P1P2/4PK2/1N1Q1BNR b kq - 0 14,22
r1bqkbnr/3npppp/p1pp4/1p6/P3P3/5N1P/1PPPQPP1/RNBK1B1R b kq - 3 6,0
rnbqkb2/pp1ppp1r/7n/2p3pp/3N4/NP2P3/P1PP1PPP/R1BQKB1R w KQq - 2 6,18
2bqkb1r/rpppnpp1/p1n1p3/7p/3P2PP/N3B3/PPP1PP2/R2QKBNR w KQk - 4 7,-26
1rbq1b1r/ppppkppp/n3pn2/8/7P/1P3NPR/P1PPPP2/RNBQKB2 b Q - 0 8,11
r1b1k1nr/1pqn3p/4pp1b/p1p3p1/PPp1P1P1/2N2N2/3PKP1P/R1BQ1B1R w kq - 2 11,67
r1bqk1nr/2ppbppp/pp2p3/4B3/n1P5/2NP2PN/PP2PP1P/R2QKB1R b KQkq - 1 10,-3
rn1q1b1r/1ppkp2p/5p2/p1P2bpn/2p2P2/3P1NP1/PP1BP2P/R2QKB1R w KQ - 0 10,-78
rnq1kbnr/p1ppp3/bp3pp1/4P2p/QPP4P/B7/P2P1PP1/RN2KBNR b KQkq - 0 7,-95
rnb1kbnr/pp2p1pp/1qp5/5p2/5P2/2P3P1/PPN1P2P/R1BQKBNR b KQkq - 1 8,-15
r1b1k1n1/1pppb2r/4np2/p5p1/R3p2P/1PPPBN2/4PPRP/1N1K1B2 w q - 0 20,37
rnbqk1nr/p1pp1p1p/1p5b/4p1p1/4P1Q1/P1N3PP/1PPP1P1R/R1B1KBN1 b Qkq - 3 7,-53
1n1k3r/r2p4/bpp1pn2/NPq3pp/3R1pP1/P1P2P1P/4PKR1/2B1QBN1 b - - 2 22,95
2bqkb2/rpp2prn/p2p4/P1P1p1p1/1nB2PPp/4P2P/R1QP4/1NBK2NR w - - 0 20,-18
1nbq1k2/rpp1np1r/p3pbpp/3p4/1P4P1/2PBP2P/P2PQP2/R1BNK1NR w KQ - 0 14,22
r1bqkbnr/ppp1p2p/2n3p1/3p1p2/8/P1P5/1PQPPPPP/RNB1KBNR w KQkq - 0 6,-21
1nb1k1nr/3p2b1/1q2pp1p/rp4p1/pp5P/4PP2/PBPPBQP1/RN2K1NR w k - 0 17,18
r1bq1bnr/ppppk1pp/2n1p3/8/P1P1PpP1/8/1P1PNPBP/RNBQK2R b KQ - 3 6,-21
r1b1kbn1/pppp1pp1/n4q1r/4p3/2P1PP1p/PP1P1QP1/1B2K2P/RN3BNR b q - 2 11,-1
rn1q1bnr/ppp1kpp1/7p/3pp1N1/2P4P/5P2/PP1PPKP1/RNBQ1BR1 b - - 2 7,-2
rnbqk1n1/3p4/pp3p1r/2p1p1pp/P1Bb1P2/N3P3/1PP1K1PP/1RBQ2NR b q - 1 13,-17
r1bqkbnr/2p4p/p1npp1p1/Pp3p1P/5P2/3P2P1/1PP1P1B1/RNBQK1NR b KQkq - 1 8,46
r1bqkbnr/npp3pp/p3pp2/3p4/3P4/2N1PP1P/PPP3P1/1RBQKBNR w Kkq - 0 8,17
r1b3kr/1ppqb2p/2n3p1/1B1p2B1/1PQPpP2/p1N4N/P1P2K1P/R4Rn1 w - - 4 23,-1
rnbqkbnr/ppppp2p/8/5pp1/6P1/PP1P3P/2PNPP2/RNBQKB1R b KQkq - 0 7,2
rn2kb1r/pp2p2p/3p3n/q1p2PpP/2b5/3PPP2/PP1Q3N/RNB1KB1R b KQkq - 0 15,0
rnbqkb1r/1pp1pppp/3B3n/p2p4/8/P2P4/1PPNPPPP/R2QKBNR w KQkq - 4 6,0
1rbbk1r1/1ppp1p1p/2P5/p7/4PQp1/qPn2N1P/3B1PP1/R2BK1NR b Q - 1 23,32
rn1qkb2/1bp1ppp1/3p1n1r/pp1P3p/P5QP/1PP5/4PPP1/RNB1KBNR w KQq - 1 10,-18
rn1qkbn1/pbp4r/1p1pp2p/2P2pp1/1P3PP1/4P2N/P1QP1KBP/RNB3R1 b q - 3 11,-25
r1bqk1nr/p1ppp1b1/np3p2/3P3p/6pP/N7/PPPBPPP1/2RQKBNR w Kkq - 1 8,5
2bqk1nr/r1nppp1p/2p3p1/pB5Q/7P/2PPb3/PP1N1PP1/R1B1K1NR w k - 5 12,-101
r1b2b1r/pppkpp1p/n2q3n/3p2p1/3P2P1/1PN5/P1PBPP1P/1R1QKBNR b K - 8 7,-96
rnbqkb1r/1p5p/p3pp1n/Q1pp2p1/P2P4/N3PP2/1PP3PP/R1B1KBNR w KQkq - 0 8,-22
rnbq2nr/1ppppkbp/B4p2/p5p1/1P4PP/4PP2/P1PP4/RNBQK1NR w KQ - 0 7,-32
rn1q1bnr/pp2kb1p/3p2p1/2p1pp2/7P/P1PPPN1R/RP3PP1/1NBQKB2 w - - 3 11,5
rnb1kbr1/pp2ppp1/3p3p/2pn4/1q1P1PP1/1P6/PBP1P2P/RNKQ1BNR w q - 6 10,-3
r1bqkb2/ppp1np1r/4pnpp/1N1p4/Q1P5/4PPP1/PP1PBN1P/R1B2K1R b q - 3 14,3
r2qkN1r/1bnpppp1/p1n1P3/7p/P1p2P1P/1pP4R/1P1PQ1P1/RNB1KB2 b Qkq - 0 17,20
r2qkb1r/p1p2pp1/n1bppn2/1p4Np/1P6/3P2P1/P1P1PP1P/RNBQKBR1 w Qkq - 0 10,-33
r1bk1n1r/p1qp1p2/1p2p2n/4P1pp/2PP2P1/P3P2N/3K2BP/RNQ4R b - - 1 20,0
rn1qk2r/p1ppb2p/5ppn/Qp2p3/1PP1b1P1/P1N2N2/1B1PPP1P/R3KB1R b KQkq - 1 9,35
rn1qkb1r/p2pp1pp/b1p2n2/1p3p2/6P1/P4P2/1PPPPK1P/RNBQ1BNR w kq - 0 6,-28
r1b3qr/1p1p1kbQ/2nP1p1n/p1p1p2p/2P5/BP3PpN/P3P1PP/RN1K1BR1 w - - 1 16,48
rn2kbnr/ppp1pp2/3q3p/2P3p1/3P4/P6b/1PQP1PPP/RNB1KBNR b KQkq - 0 7,-18
rn2kbnr/4p1p1/pqp1bp1p/1p1p3N/1P1P3P/P4P2/1BPNP1P1/R2QKB1R b kq - 0 14,3
r1bk3r/pp4qn/n1p3pb/1N1p1p2/3PPBQp/1PPB3N/P5PP/1R2K2R w K - 6 22,19
1rb1k1nr/pp6/4pq1b/1p1p1p1p/N2P4/4B3/1QP1PPP1/3RKB1R w - - 1 22,-14
rnbqkbnr/2pp1p1p/p5p1/1p6/1P2p3/6PN/P1PPPP1P/RNBQKB1R w KQkq - 0 6,11
rnbq1bnr/pp3kp1/3pp3/1N3p1p/2pP4/5PPP/PPPKP3/R1BQ1BNR w - - 0 8,-5
r1q1kbn1/p3p3/2p1Q2r/5P1p/pP1P1P1K/5P2/1B1P4/RN3b1R w q - 0 20,21
rnbqkbnr/2pp1p2/p5p1/1N2p2p/4P2P/1P3PPR/P1PPK3/R1BQ1BN1 w kq - 1 10,27
r1bqkbr1/p4ppp/2pp3n/1pn1p3/P1P3PN/R2P3B/1PQ1PP1P/1NB1K2R w q - 0 12,21
r3kbnr/p3p1p1/4qp1p/2p1p2b/pn6/1PQP1P1P/2P3P1/RNBNKB1R w Kk - 3 18,7
1rb1kb1r/pp1p2pp/n5q1/2p1pp2/P4PP1/2n1P2P/1PPPB3/R1BQ1KNR w k - 1 11,22
r2qk1nr/p3p2p/np3pp1/2pp4/1P1P1b1N/4P3/PBP2PPP/RN1QK1R1 b Qkq - 0 11,26
rnbqkb1r/pp1pp3/5p1n/P1p3pp/2P5/N3P3/1P1P1PPP/1RBQKBNR b Kkq - 0 6,5
rnbqkbnr/p2pp3/8/1pp2ppp/3P4/2P1PPP1/PP2Q2P/RNB1KBNR b KQkq - 1 6,-57
2b1kbnr/rp1ppp1p/1q6/p1p3p1/1nP5/B4NP1/P2PPPBP/RN1Q1K1R b k - 0 8,-42
r1b1kb1r/1Np3pp/3p1p2/p2pq1n1/1PBQPB1n/P7/2P2P1P/3RK1NR w Kkq - 2 17,24
r1b1kb1r/pp1ppp1p/B6n/q1p5/P3P1p1/R1P4P/1P1P1PP1/1NBQK1NR b Kkq - 2 7,-26
rnbq2kr/2ppppb1/Bp5p/p2n2p1/1P1PN3/2P1P3/P1QK1PPP/R1B3NR w - - 5 10,33
rnbqkbr1/3pp2p/1p6/p4pp1/2pP1PP1/1PN4N/P1PKP2P/2RQ1B1R b - - 0 18,30
2b1q1nr/1p1p1pB1/n4b2/r1pkP1Q1/1P3P1P/p1P5/P3PKP1/RN3BNR b - - 5 17,17
rnq1kb1r/p3ppRp/b1pp3n/8/1p1P3P/PP6/2PNP1P1/R1BQKBNR b KQkq - 1 11,42
rn2kbnr/2qppbp1/1p3p1p/p7/2p2N2/P1P5/RPQP1PPP/1NB1KB1R w Kk - 4 14,18
r2qkbnr/pp1bp1pp/2np4/2p2p2/8/2PPP3/PPQN1PPP/R1B1KBNR w KQkq - 2 6,-15
1r1q1bn1/1b2pk1r/1p3pp1/p1ppnP1p/P7/1NPP3N/1PQBK1PP/1R3B1R w - - 2 17,63
r2qkb1r/pbppppp1/n4n2/1p5p/1P6/P3PPP1/2PPB2P/RNBQ1KNR w kq - 1 8,49
r1bqkbnr/p3pppp/n7/1ppp4/3P2P1/P3PP2/1PP1N2P/RNBQKB1R b KQkq - 0 6,5
rnb1kbnr/pp3pp1/4pq2/2p4p/2Q1p3/6P1/PPPPNP1P/RNB1KB1R w KQkq - 0 7,-18
r2qkbnr/1bp2p2/p1n4p/1p1pp1p1/2P1P1P1/P1N2P1B/1P1P3P/1RBQK1NR w Kkq - 0 11,48
2r1k2r/2pp3p/b7/p3p1p1/1pq1PP1P/P1P1QP2/RnPP1N1R/1NB1K3 w - - 2 24,35
rnk2b1r/p3pppp/1p6/3P1n2/1p2P2Q/1Pp3PN/P6P/RN2KBR1 b Q - 0 15,-80
rnbk2nr/7p/p7/2bpqpN1/7P/PP1p4/3KPPP1/R1B1NB1R w - - 0 22,-99
rn1qk1nr/2p1pp2/4b2B/1p1p3p/4P2R/1QPP1PP1/P7/RN2KBN1 b k - 4 13,-19
r1bq2n1/pp3kb1/2p1pp1r/P1pN2pp/8/BP2PN1P/2RPQPP1/4KB1R b K - 5 16,-4
r1bqkb1r/ppp1pppp/B2p1n2/8/1n1P1P2/4P3/PPP1Q1PP/RNB1K1NR w KQk - 2 7,-13
rnbqk1nr/pppp1pbp/4p3/6p1/1P1P4/P3PPP1/2P4P/RNBQKBNR b KQkq - 0 6,-9
rn1qkb1r/p1pbpp1p/1p3np1/8/3p4/N2P4/PPPBPPPP/R2QKBNR w Kkq - 0 7,-23
r1bqk1nr/p1p1ppbp/1p1p4/2n4Q/2P5/P6N/1P1PPPPP/RNB1KB1R w KQkq - 1 8,63
rnb1kb1r/2ppqpp1/pp5p/4p2n/1P2P1P1/2NP3P/P1P1KP2/R1BQ1BNR b kq - 0 8,30
rnbqk1nr/ppp1bppp/3pp3/8/1PB2P2/2P1P1N1/P2P2PP/RNBQ1R1K b kq - 2 9,-43
rn2n2r/3qkppp/p1p5/3pBBb1/2PP4/1p3P2/PP1NP2P/R2K2NR w - - 1 23,32
2bq1bnr/1p1pkppp/4p3/r1p3N1/pn2P3/P1P2PPP/1P1P1K1R/1RBQ1BN1 b - - 1 16,29
1rbk1b1r/1p1n4/2n1p1pp/pNpp4/PP1Q2PP/3P1p1R/2P1PK2/R3BBN1 b - - 7 21,-8
rnbqkb1r/3ppp1p/p1p4n/1p2N1p1/P7/4P3/1PPP1PPP/RNBQKB1R b Qkq - 1 6,-6
rnbqkbnr/2p1pp1p/p2p2p1/1p6/1P2PP2/P2P4/1BP3PP/RN1QKBNR b KQ - 0 8,-17
rn2k1n1/pb1pqp1r/2p3pp/1p2pP2/Pb5P/NP5N/1BPPPKP1/R2Q1B1R w q - 0 12,24
rnb2br1/3kp1p1/R1p5/1p1p3P/1P2Q2N/1qP3P1/3B2BP/1N1K1R2 w - - 1 21,27
r1b1r3/pp1n2bp/3k1p2/1Pp4p/4P1PP/2PP1P2/1P6/RNBK2R1 w - - 0 17,-8
rnb2br1/p2n1kpp/3p4/qpp1pp1P/1P1P4/P3BPR1/2PQPKP1/RN3BN1 b - - 1 13,-61
r1b1nb1r/ppqpkp2/P1p3p1/2nPp1Pp/2P5/4B2B/1PQKPP1P/RN4NR b - - 2 16,1
rnb1kbnr/pp1pppp1/7p/P1pQ4/7q/2P2N2/1P1PPPPP/RNB1KB1R b KQkq - 2 6,-40
rnb2bn1/ppp1k2r/3q1p1p/3pp1p1/P6P/2N1KPP1/1PPPP3/R1BQ1BNR w - - 3 11,36
1n2kbnr/2pqp1p1/4N3/2P1p2p/rp3pP1/Np5P/P2P1PB1/R1BQKR2 b k - 0 19,67
rq1k1bnr/pppb1ppp/4n3/P2pp2Q/1P2P2P/N2B4/2PP1PP1/R1B1K1NR w KQ - 1 11,58
r1b1kb1r/1p1ppp1p/5P2/q1pn2p1/PpPNnB2/3P2PP/4P3/RN1QKB1R w KQkq - 3 14,-6
rnbqkb1r/p1p1pp1p/3p1n2/1p4p1/1PP1PPP1/3B4/P2P3P/RNBQK1NR w KQq - 0 7,1
3r3r/1qpkpp1p/p2p3n/P5p1/1P2P1P1/N1bPB1nN/2Q1BPP1/R5K1 w - - 10 22,-1
r3kb1r/2qb1ppp/7n/pBppp1B1/1n1P3P/PP2PP2/2P1Q1P1/RN2K1NR b KQkq - 0 14,21
1n1Bkr2/3p2bp/rp4p1/pbPQp3/2P3qP/P4PPR/5K2/RN3BN1 b - - 4 21,0
2bq1bnr/r2k3n/p1p1p3/2P2pp1/P3pPQ1/3P3P/1P1N2PR/1RB1KBN1 w - - 5 20,38
1rbqkbnr/p1ppp1p1/1p6/5p1p/1n1N1P2/N3P1PP/PPPP4/R1BQKB1R b KQk - 0 7,18
2b2bn1/rp1p4/3p1k2/6pp/pPn1P3/1N4q1/P3B1PP/1R1K2NR w - - 0 24,-48
r2q2nr/pN5p/bnp2kpb/1p1ppP2/1P1P1P2/2R1PB2/P1PB3P/Q3K1NR b - - 2 25,104
rn2nb1r/1pk1q3/p2p2pp/P3pp2/1Qb1PPPP/RPp2R2/3PN3/1N2KB2 w - - 0 23,-13
r3k3/2p2p1p/q2p1b1n/Pp2p1r1/P4P2/2N2P1N/2PKP2P/R1B2BQR b - - 2 24,32
rnb1kb1r/pp1ppp2/5n2/q1p3pp/1P1P4/P7/2PQPPPP/RNB1KBNR b KQkq - 0 6,42
rn1qb3/6b1/1pp1kp2/p2pp3/2PP2rp/1n2P2P/RP2KPB1/1NBQ1R2 w - - 2 24,-32
3q3r/2p1p1bp/1Pn2np1/3pkB2/rP6/4PP1P/P1QP4/RNB1K1Nb b Q - 0 20,12
rn2kbnr/1p2pppp/p7/3p1b2/q1p3N1/2NP4/PPP1PPPP/1RBQKB1R b Kkq - 3 8,91
rn1qkb1r/2pbpp2/pp4pp/3p3N/2PP2n1/P5PB/1P2PP1P/RNBQK2R w KQkq - 3 9,8
r1b1kbnr/1ppp1ppp/4pq1B/p3n3/8/3PP1P1/PPP2P1P/RN1QKBNR w KQkq - 1 6,3
rnbq3r/p2kn1b1/2p1ppp1/1p1p3p/P3PPP1/3P3P/1PPNK3/1RBQ1BNR w - - 0 12,25
rn2kbnr/p3qpp1/b2p3p/1NP1p1B1/1p4PP/5P2/PPP1PK2/R2Q1BNR b kq - 0 12,141
1nbqkb1r/1pp2ppp/r2p3n/p3p3/P5P1/5P1N/1PPPP2P/RNBQKB1R w KQk - 1 6,15
rnbqkbnr/pp1pp3/7p/2p2pp1/P2P1P2/2P4P/1P2P1P1/RNBQKBNR b KQkq - 0 6,3
rn2kbnr/1p2pp2/p1p1b1Pp/P2p4/1P3qP1/R1P4P/3PP3/1NBQKBNR w Kkq - 3 12,8
r1bqkbnr/2ppp1p1/2n5/pp3p1p/P7/2P2PPB/1P1PP2P/RNB1QKNR b kq - 2 7,-30
rnbqk1nr/1ppp1p1p/p6b/1P2p1p1/8/N5P1/PBPPPP1P/2RQKBNR b Kkq - 0 6,21
3qk1nr/ppBnppb1/b5pp/3p4/3PNP2/8/P5PP/R2QKBNR b KQk - 2 16,20
r1bqk2r/ppp1np1p/2np3b/6p1/3P4/N4PPN/PP1QP2P/R1B1KB1R b KQkq - 0 9,24
r1bqkbr1/p2ppppp/n1p2n2/Pp6/5P2/8/1PPPP1PP/RNBQKBNR w KQq - 0 6,36
r1q3nr/p1nppkb1/bpp2p1p/Q5p1/3P4/N1PNB1P1/PP2PP1P/R2K1B1R w - - 2 13,40
3q1b1r/r2bp1pp/n2p1pkn/p1p1P3/2BP1QPP/pP3P2/P1PN2NR/R4K2 b - - 4 22,-18
rnbqkbn1/2ppppp1/pp4r1/7p/4PP2/N2P3P/PPP3PR/R1BQKBN1 b Qq - 0 8,-34
2k3n1/r1pn2pr/4bp1p/1Bb1P3/pPP4P/3Q1pP1/PBN2q2/R1R4K w - - 2 25,-76
rnbqk1n1/1pp1bp1r/4p3/p2p3p/PP1P2p1/2P2PP1/3QP2P/RNB1KBNR w KQq - 0 9,-26
rnb1kbnr/p1pq1pp1/8/3pp2p/2p1P3/3P2PB/PP1N1P1P/R1BQK1NR b KQkq - 1 7,-5
rnbqkbn1/1p2p1p1/3pr3/p1p2p1p/5P2/2PP1KPP/PP2PB2/RN1Q1BNR b q - 5 9,9
rnbqkbnr/1p1ppppp/2p5/8/pPP4P/B5P1/P2PPP1R/RN1QKBN1 b Qk - 2 6,76
1nb3nr/3k3p/4r2p/1P2p3/p2p3P/b4PP1/1P2P3/3QKBNR b K - 0 18,-62
rnb2k2/pp1p1p2/2pqpn1b/2PQ3P/BP1PPP2/2N2N1p/P4Kr1/R1B4R w - - 7 18,-29
r1bqkb1r/ppp1pppp/2np3n/1N6/3P1P2/4B2P/PPP1P1P1/R2QKBNR b KQkq - 1 6,-22
rn1qk2r/p1Bp2bp/b3ppp1/1p6/8/2NP4/PPP1PPPP/RQ2KBNR b KQkq - 0 8,4
rn3knr/p1p3qp/b2pp1p1/1p4b1/1PP1Pp2/Q1BK2P1/P2P1P1P/RN3BNR b - - 3 13,4
2bqkb2/2pn1p2/3p1Prp/pN4P1/QRP1p1n1/N2PP3/1P4PR/2BK1B2 b - - 1 23,-16
rnqk2n1/2p1ppNr/2b4B/1p1p3p/RP2P2P/3P1P2/2P3P1/3QKBR1 w - - 1 23,98
r1b2b1r/pppkqQpp/2np1p1n/4p3/4P3/P1N5/1PPP1PPP/R1B1KBNR w KQ - 4 8,45
2r1qbnr/2pb4/5k2/pp2pppP/PP2nQ1P/B5N1/2P2P1R/1N2KB2 w - g6 0 26,-59
rnbqk2r/2pp1p2/p4n2/4p1b1/p2P2Pp/2P1PP1p/1P2N3/RNBQKB1R b kq - 0 15,-18
r1bqkb1r/p1p2ppp/n2pp2n/8/Pp1P4/1P5P/2PKPPP1/RNBQ1BNR b kq - 0 7,48
r1bqkbnr/2pnppp1/8/pp1N3p/1PP3P1/3P4/P3PP1P/R1BQKBNR w KQkq - 1 7,-16
1rbq2nr/pp1pkpb1/n7/2P1pQpp/1PP2P2/N5P1/P3P2P/R1B1KBNR b KQ - 2 13,16
2q2b2/1r3k1r/n1bpp2n/1Np2ppP/p1P1P3/PP1P2p1/1R3PB1/2BNQK1R b - - 0 22,-50
rnb1k2r/2p1p1bp/p6n/qp1p1pP1/5PP1/PP1P4/2PBP2R/1R1QKBN1 b kq - 5 14,-25
2r4r/4bk2/1pnp3n/p2bpppp/1PpP3P/P1P1BP1K/Q3P1PR/R2q1BN1 w - - 7 25,-31
2b1k1n1/rppp1p2/2n5/2P1p1Pp/1bB3P1/1P2PNR1/3r3P/RNBQK3 b Q - 1 21,-76
rn3b1r/1pqknpp1/8/p2pp1Bp/3P3P/N1p2P2/PPP1PK1P/2RQ1B1R b - - 3 14,33
r1bqkbnr/p2npppp/1pp5/3p4/1P1PB3/6P1/P1P1PP1P/RNBQK1NR w KQkq - 0 6,-67
rnbqkb1r/1ppp2pp/4pp2/5n2/p7/P3PPPN/1PPPQ2P/RNB1KB1R w KQkq - 0 7,17
rn1k1b1r/pb1ppnpp/1qp5/1p1P1N2/5P2/6P1/PPPBP2P/R2QKBNR b KQ - 0 9,-17
rnb1kbnr/ppqpppp1/8/2p4p/5N2/1P1PP2P/P1P2PP1/RNBQKB1R b KQkq - 0 6,-23
1n1q1bnr/r2bk2p/ppp5/3P1pP1/P1PP2P1/5p2/1P5P/RQB1KBNR b KQ - 0 16,0
r1nq1knr/p1pp2p1/1p3p1Q/4p3/1P1bP3/3PBP2/P1P3PP/RN2KbNR w KQ - 5 12,111
rnbqkb1r/3p1p2/pp2p1pp/2B5/1n5P/P1NP1P2/R1P1P1PR/3QKBN1 w - - 2 14,23
rnbq2nr/1pppkp1p/p2bp1p1/8/5P2/1P2K1P1/P1PPP1BP/RNBQ2NR b - - 0 6,-26
rnbqkbr1/2ppp3/p4pPp/Pp2P3/1PB3n1/5P2/2PP2P1/RNBQK1NR b Kq - 0 13,11
2N3n1/2pp1kp1/ppn5/P1P2pp1/1b2p1Q1/4P3/1P1P1PP1/R1BK1BNr b - - 1 21,-57
rnbqkbr1/2p1p2p/1p3pp1/p1Bp4/2PP2n1/1P2P2N/P1QK1PPP/RN3B1R w q - 0 10,-26
r3kb1r/2q2ppp/p1bp3n/1pp1n3/P1P1p1P1/2RPP2P/1P3PBR/1NBQK1N1 w kq - 1 14,51
r1bqk1r1/pp3pp1/5n2/2ppp1Qp/2nP1N2/NP6/P2BPPPP/R3KB1R b KQq - 1 15,0
r1bq1bnr/p2p1k1p/np6/6p1/2N3P1/PQK1Pp1P/1P1B1P2/1R3BNR b - - 2 16,80
r1bqkbnr/pp1p2pp/8/2p1Pp2/1n1N4/8/P1PPP1PP/RNBQKB1R w KQkq - 0 6,-18
r1b3nr/pp1ppNkp/2p2b2/3Q3P/r1P5/3P2q1/1P3PR1/RNB1KB2 b Q - 0 22,5
rn2k1nr/p1q1b1pp/1pbp1p2/2p1p3/NP2P2P/P4PP1/R1PPK3/2BQ1BNR w - - 0 13,-54
rnbqk2r/p1pp1p1p/1p2p1pn/8/Pb2P1P1/2PB4/RP1P1P1P/1NBQK1NR b Kkq - 2 6,16
rn2q1nr/2p3pp/2kbP3/pbPp1p2/8/2NPPN1P/PP3QP1/R1BK2R1 b - - 2 15,-15
rnbqkbnr/p2ppp1p/2p5/8/Pp4pP/6PN/1PPPPP2/RNBQKB1R w KQkq - 0 6,-2
rn1qkb2/1p1bpp2/5n1r/p1pp2p1/3P2Pp/P1N1B2P/1PPKPP2/R2Q1BNR w q - 4 10,13
r1b1kb1r/2pp1pp1/p1n1q2n/1pP1N2p/1P2pP2/2N3P1/P2PP2P/R1BQKB1R w KQkq - 1 13,79
rnb1kb1r/pp1ppp1p/q4n2/6p1/1p4P1/5N2/P1PPPPBP/RNBQK2R w Qkq - 4 7,-28
r1b3r1/1pppqkp1/p1n1p2p/2b1Pp2/5P1N/1P1P3P/P1PQK1P1/RNB2BR1 w - - 0 14,36
r1bqkbnr/p1ppp1p1/5p2/4n2p/PpP5/3P1NP1/1P2PP1P/NRBQKBR1 b kq - 2 10,-40
r2qkb1r/ppp1ppp1/n2p3p/7n/P5b1/3P4/1PP1PPPP/RNBQKBNR w KQkq - 4 7,18
r1bqkb1r/pp1ppppp/5n2/2p1N3/2Pn1PP1/8/PP1PP2P/RNBQKB1R w KQkq - 4 6,25
2b1kbnr/3rp2p/pq1p1p2/1pp3p1/1nP1N2P/P2PPN2/4KPP1/R1BQ1B1R b k - 1 12,-33
rn1qkb1r/1b1p2p1/1p1n1p2/p1p1p2p/P6P/1PNPPN2/RBP2PP1/3QKB1R b Kkq - 0 12,-14
2bqk1nr/r1pp1p2/2n3pb/pp2p2p/2P1P3/1Q3P2/PP1P2PP/R1BNKBNR w k - 0 9,-17
rnbqkbr1/1pppppp1/7p/p7/PP4n1/N6N/2PPPPPP/R1BQKB1R w KQq - 0 6,15
rnbq1b1r/1p1knppp/p2pp3/2p5/3PP2P/P5P1/1PP1KP2/RNBQ1BNR b - - 0 7,15
r1bqkb1r/1pppnppp/pQ2p3/5n2/8/2P2P1N/PP1PP1PP/RNB1KB1R w KQkq - 0 7,33
rnbqk1n1/ppppp1br/6pp/5p2/7P/2N3PB/PPPPPP1N/R1BQK2R b KQq - 2 6,-21
1n4nr/4k1bp/5p2/1Ppppb1q/5Bp1/P2P2K1/1P2P2P/RN1Q1BR1 w - - 1 26,-36
rnbqkbn1/1pppp1p1/5pr1/p6p/P3N3/R4P2/1PPPP1PP/2BQKBNR w Kq - 4 6,26
r1bqkb1r/pppp2p1/2n1pn1p/5p2/8/NPPPPP2/P5PP/R1BQKBNR w KQkq - 1 7,-17
rnbq1rk1/p2pbp2/1p3n1p/2p1p1p1/P3P2P/2P2P2/1P1PB1P1/RNBQK1NR b K - 1 11,-14
r1bqk1nr/p1pp2pp/np6/8/3p3P/b5pN/PPP1PPB1/R1BQK2R w KQkq - 0 11,-8
2bnkb1r/rp1ppp1n/p5p1/q2P1P1p/2p1P1P1/NP3N2/P1PQ2BP/R1B1K2R b KQk - 0 12,-18
r1bkNb1r/pp1q3p/2np1pp1/4p1P1/2pP1n2/2NQP2P/PPP2P2/R1B1KB1R w KQ - 2 19,-85
rn1qkbnr/2pppp2/b5p1/pp6/3P3p/NPP5/P2NPPPP/R1BQKB1R w KQkq - 1 7,31
r3kb1r/p2p2p1/b1nq1p1p/2pQpn2/6P1/2P4N/PPNPPPBP/R1B2K1R b kq - 9 14,-7
rnbq1bnr/p2p1kpp/1p2p3/2p2p2/3P4/N4N2/PPP1PPPP/1RBQKB1R b K - 1 6,49
1rbqkbnr/p1p1p1pp/1pn2p2/1P1p4/P5PN/3P4/2PBPP1P/RN1QKB1R b KQk - 0 8,20
3rkbnr/p1p1pp1p/1n3q2/1p1p1Pp1/8/BPNP1P1P/P1PNQ1PR/R4BK1 b k - 8 14,124
2bq1knr/r2p1p1p/1ppN4/p1P1p1p1/6P1/2n2P1P/PB1PP2R/1R1QKBN1 b - - 0 13,-46
r1bq1bnr/1ppkp1pp/2np1p2/p7/2P5/1P5P/P2PPPPN/RNBQKBR1 b Q - 3 6,-6
rnbqk1r1/p1p1p2p/3p1p1b/6p1/2pP1P1P/1P6/PBP1P1P1/R2QKBNR b KQq - 1 12,19
1n1qkb1r/1pp2ppp/B7/7b/2P2P2/4n2P/Rr1PQ3/2B1K1NR w K - 2 14,-9
rnbqkb1r/pp2p1p1/3p1n2/2p2p1p/4P3/P2P1P2/1PPB2PP/RN1QKBNR w KQkq - 0 6,26
1r3kr1/1q3ppn/p1n5/1pPpP2p/N1P3bP/P4P2/R2KP1P1/2BQ1BR1 b - - 2 21,-42
rnbqkb1r/2ppppp1/5n2/pp5p/3P3P/1PN5/PBP1PPP1/2RQKBNR b Kkq - 0 6,-4
r2qkbnr/pppb2pp/2nppp2/1B6/P3P2P/8/1PPP1PP1/RNBQK1NR b KQkq - 0 6,36
rn4kr/p1N2p2/2b1pn1b/P2p2pp/q2P1PPP/1p2P3/1PPB1K2/RQ3BNR b - - 0 19,-107
1n1qk1nr/rpp2p1p/p2bb3/4p3/1PP1p2Q/P2B3P/3PKPP1/RNB3NR w k - 4 10,21
rnbqkbnr/p1pp2p1/5p2/4p2p/1p4P1/P4N2/RPPPPP1P/1NBQKBR1 w kq - 0 6,3
2bq1bnr/rp2p3/2ppk1pp/pP6/P1P1P2P/5Pp1/R1NPQ2R/2B1KBN1 b - - 6 17,-32
3qkb1r/1r2pp2/n1p4n/pN1p1b1p/PP1P4/4PP1P/R1PB3R/2Q1KBN1 w k - 1 15,-45
rnbq1b2/ppp3p1/4kpnr/1P1p3p/3P4/4pPP1/P1PNP2P/R1BQKBNR w KQ - 0 12,-19
1rbqkbr1/1p1p1ppp/n1p1pn2/p7/3P2P1/4BN1P/PPPKPP1R/RN1Q1B2 w - - 2 8,9
r1bqkbnr/p1ppp3/np6/5ppp/4P1P1/5N2/PPPP1P1P/RNBQKBR1 b Qkq - 0 6,42
1r1k1b1r/p1p1pn1p/np1q2p1/3b1p2/PP4PP/2N2P2/R2PP1B1/2BQK1NR w K - 6 14,-40
1n5r/rbppnpp1/1pq5/pP2pk1p/5N2/P1PPPPP1/1R2K1RP/2B2B2 w - - 6 23,12
r1b1k2r/p1ppnp2/2n3pp/Pp6/4B3/R2PP1bP/1PPQ1qP1/1NBK2NR w kq - 1 13,3
r2q1bnr/2pkpp2/b2p2pp/pp6/2n2P2/PQPP3N/1P2P1PP/RNB1KB1R b - - 0 13,46
rnb1kbnr/p1pp1p1p/1p3qp1/8/4pB2/1P1P3N/P1P1PPPP/RN1QKB1R w KQkq - 0 6,-10
rnbqkbnr/2pp2p1/1p3p1p/p3p3/P1P1P3/3P4/1PN2PPP/R1BQKBNR b KQkq - 1 6,-18
1r3b2/1npq1p1r/2k1pnp1/pp1p4/P3QPpP/2P1P1P1/1P1P4/RNB1K1NR w - - 2 21,-46
r3k1nr/2Qb1q2/pp5p/3p1pp1/2Pn2P1/b3PN2/PP1B1PBP/RN2K1R1 b Qkq - 1 16,-36
r1bqk1nr/pp1nppbp/8/1Bpp1P2/3PP1p1/P4N2/RPP3PP/1NBQK2R w Kkq - 4 9,-28
rn2kbnr/3p4/p1bqpp1p/1pp5/1P1P1PpP/4P1P1/P1PKN3/RNBQ1B1R w kq - 1 13,-20
r2qk1nr/pbp2ppp/n7/1pbpp3/P4P2/3P2N1/1PPQP1PP/RNB1KB1R b KQkq - 0 9,21
r1b1kbnr/2qp2pp/pp3p2/2p1p3/1nP1P3/1P3P1N/P1NP2PP/1RBQKB1R w Kkq - 0 9,5
r1bqk1nr/n1p1p2p/7b/Pp1p1p2/3P1p2/P1P5/R3P1PP/1NBQKBNR w Kkq - 2 10,-7
r1bqkb1r/p1pppp2/np3np1/4N2p/7P/PQP3PR/1P1PPP2/RNB1KB2 b Qkq - 0 8,-10
rn1qk1n1/p1pp1pb1/b3p2r/Pp4p1/3P3p/2N2P1P/1PPKP1P1/R1BQ1BNR w q - 2 9,31
rnbq1bnr/ppp1pkp1/8/3p1p1p/3P1P2/2N3P1/PPP1PK1P/R1BQ1BNR w - - 0 6,25
r1bqkb1r/pp5p/n2p1pp1/2P1P3/2P1NPn1/P7/RB2P1PP/3QKBNR b Kkq - 0 13,17
rnbqkbnr/ppp3p1/3p4/4p2p/P1P2pP1/1P3N2/3PPP1P/RNBQKB1R w KQkq - 0 6,-28
1nb1k2r/rp1p2pp/2p3qn/B3p3/2P1pP2/6P1/P2PP2P/R2QKBNR w Kk - 1 14,-44
rnbqkbnr/1pp1pp1p/8/p2p2p1/2P3P1/1P2P1Q1/P2P1P1P/RNB1KBNR b KQk - 0 6,33
rnbqkb1r/p2pp2p/Bp3ppn/2p5/4PP1P/P7/1PPP2P1/RNBQK1NR w KQkq - 0 6,-24
rnbqkb1r/p2p1pp1/2p1p3/1N6/P7/4B3/1PQ1PPPP/R3KBNR b KQkq - 1 10,-26
r3kbnr/p3pp1p/n7/q2P1b2/1PpQ4/P5PP/3P1P2/RNB1KB1R b KQkq - 0 13,-83
rn1q4/1b1p1kp1/1pNR1p1n/5Q2/2P4p/Np3BP1/P3PP1P/4KR2 b - - 1 24,70
rnbqkb2/p1pppp2/1p3npr/7p/1PN5/4P3/P1PP1PPP/R1BQKBNR b KQq - 3 6,-9
1nbqk1nr/1ppp1pp1/3b4/r2Np2p/p4P2/PP1PP1P1/2P3BP/R1BQK1NR b KQk - 3 11,-12
r4bnr/p1kbp3/npp2pP1/5p1p/3P4/PPP5/3NP2P/R1B1KBNR b - - 0 20,-25
r1b2bnr/1p1k4/p1p1p1pp/q3n3/1P1ppPP1/2NP3N/PBP1P1BP/2R2KR1 w - - 0 17,6
rn1k3r/p4p2/b1p5/1p1p1n1p/P2p3b/1PN2K1N/RQPBP1P1/5B2 b - - 1 20,25
rnbqkb1r/p2pppp1/1p5n/1Np4p/5P2/1P6/P1PPP1PP/R1BQKBNR w KQkq - 0 6,0
1q2kbnr/2r2pp1/np1p3p/p1p1p3/b1P1P1PP/P2PBP1N/1P2K3/RN2QB1R b k - 1 14,-2
rnbqkbnr/p1p1p1pp/3p4/5p2/3P1P2/p3B2P/1PP1P1P1/RN1QKBNR w KQkq - 0 6,23
1nbq1bnr/rppppkp1/5p1p/p7/2NB4/1P3P2/P1PPP1PP/R2QKBNR b KQ - 5 6,-43
2b2r2/1rqpkpp1/3b4/p3P1Pp/1nPPP2n/Np1B3N/1P5P/R1B2KQR b - - 3 22,12
rnbqkb1r/1p1p1ppp/p4n2/2p1p2Q/4P3/2P4N/PP1P1PPP/RNB1KB1R w KQkq - 0 6,-14
rnb1kbnr/1p1p1p1p/pq6/1Np1p1p1/P7/5PP1/1PPPP2P/R1BQKBNR w KQkq - 0 6,0
2b3nr/1ppp1k1p/rN1b3q/2P1p1p1/6p1/PN1n4/RP1QPP1P/2B2RKB b - - 5 20,6
r2qk1r1/4pnpQ/p4p2/1p1p4/2p5/P3P2P/1P1P1P2/RNB1Kn1R b - - 1 21,13
r2qk2r/1p2bp1p/4n2n/pB4p1/P3P3/p6P/3P1P2/RNBQK2R b KQkq - 1 15,-19
r1bqk1nr/2p1bp1p/1pnpp1p1/p7/P2P4/1PP2PP1/3NPK1P/R1BQ1BNR b kq - 3 10,-9
r3kbn1/1bqp3r/p5p1/2p1Pp2/1Pp1N2p/8/P1QBPPPP/R3KB1R w KQq - 2 22,11
r3kb1r/pbpqp1p1/1p3B1p/4p3/1n3P1P/P7/1PP2QP1/RN2KB1R w KQkq - 0 17,-2
r2qkb1r/p3n1pp/1pp2p2/3p3P/1n1Np1b1/3PPPP1/PPP1K1B1/R1BQ2NR b kq - 0 11,46
rq2kbnr/1p2pp1p/2n1b3/p1p3N1/P1Pp1P2/3Q2P1/1P1PP2P/RNB1KB1R b KQkq - 0 12,43
r1b1k2r/1pqppp2/p1n3pp/1P5P/8/6bP/P1PPPP2/RNBQKBR1 b Qkq - 0 13,40
1rbqkb1r/2ppp2p/p6n/1p2npp1/2P2NP1/2N1P3/PPBP1P1P/R1BQK2R w KQk - 2 9,49
r1b1qk2/1pp1np2/nb1p2pr/p1P1pP1p/3P4/N5QN/P3P1PP/R1B2BKR b - - 0 17,107
rn1k1b1r/p2ppp1p/b1p5/2p3p1/2PN1P1n/P2P1qPR/1P2P3/R1B1KBN1 w Q - 0 13,-23
n3kb1r/2qbp1pp/1pB5/pPpp2pP/2P2P2/3PP2N/P1N5/1RB1K1R1 w k - 2 23,-17
rnbqkb1r/p1ppp1pp/7n/1p3p2/1P3P2/P5P1/2PPP2P/RNBQKBNR b KQkq - 1 6,-5
1nbqkb1r/rpppp1pp/5n2/p4p1P/8/8/PPPPPPPR/RNBQKBN1 w Qk - 3 6,7
r4b1r/p2kp1p1/1p2qp2/B1pp2np/P2N1P1P/RPNPP2R/3P1KP1/3Q1B2 b - - 11 19,58
rnbqkbr1/1ppppp2/6p1/p2n3p/3P4/PPP2P2/Q3P1PP/RNB1KBNR b KQq - 0 8,-2
rnb1qbnr/2pp1kpp/1p2pp2/p7/1Q6/P1PPP1P1/1P3P1P/RNB1KBNR w KQ - 0 8,-24
rnq1kbnr/pbp1pppp/8/8/1pPpP3/3P1NP1/PPQB1P1P/RN2KB1R b KQkq - 3 7,-11
3nk1nr/1ppbq2p/r6b/p3Qpp1/2PB2P1/1P3P2/P3P1BP/RN2K1NR b KQk - 2 17,48
r1bq1br1/1Npp1pp1/1pn5/p4knp/2P1pP2/P2PP1P1/1P5P/1RB1KBNR w K - 0 17,-9
rnbq1bnr/1ppppkpp/8/p2N1p1P/8/PP5N/R1PPPPPR/2BQKB2 b - - 2 9,-12
r3kr2/pppqpp1p/n4np1/3p2N1/1P2b2P/1QPP4/P2bPPP1/RN1K1BR1 w q - 6 13,17
r1bq1b1r/Bppp1kpp/4pp1n/p7/6P1/1P2P3/P1PPnP1P/RN1QKBNR w KQ - 10 9,-10
r1bqkbnr/p2n4/R7/1PpPppp1/3PB1Pp/7P/1P1QPP2/1NB1K1NR b Kkq - 1 13,-1
rnbqkb1r/ppppp1pp/5n2/8/1P2PB2/3P3P/P1P1KPP1/RN1Q1BNR b kq - 2 6,9
rnbqkb1r/1p2pp1p/2p2np1/p2p4/3P2PP/P4P2/1PP1P3/RNBQKBNR w KQkq - 0 6,-7
r2qk1nr/pbppp2p/2n2p1b/1p4p1/2PB2P1/1P3P2/P2PP2P/RN1QKBNR w KQkq - 1 7,30
2kr1bnr/p5pp/3p4/qN5P/Ppp5/1PPbPP2/1B1P2P1/1R1QK1R1 w - - 2 22,86
1rbqkbnr/p1n1p2p/1p1p1ppQ/8/2pP3P/6P1/PPP1PPB1/RNB2KNR w k - 1 12,4
rn1q2nr/1pp3p1/2kb1p1p/p2pp3/3PN1bP/4P3/PPPQ1P2/1RB1KBNR w K - 0 10,-1
r1bqkbnr/2ppp1pp/1p6/p2n4/P4p2/3P1P1N/1BP1P1PP/RNQ1KBR1 w Qkq - 0 11,28
rnbqk1nr/p2p2p1/1p6/2ppPp2/Pb1N1PPp/3PK3/2PB2BP/1R2Q2R w - - 0 20,87
rnbqkbnr/pp1ppp2/7p/1Pp3p1/8/3PP1B1/P1PQ1PPP/RN2KBNR b KQkq - 0 7,23
rnb1qbnr/pppp4/4k3/2P1pppp/7P/PN1P4/1P1KPPP1/1RBQ1BNR b - - 0 9,18
rnbqkbnr/1p1pp2p/p4p2/2p3p1/6P1/N4P2/PPPPP1BP/R1BQK1NR w KQkq - 0 6,26
rnb1k1nr/1p1ppp1p/p6b/q1p3p1/3P1B2/8/PPPNPPPP/R2QKBNR w KQkq - 2 6,28
rnb1kbnr/pp3p2/3ppq1p/2p3p1/P3P1P1/1P6/RBPPQP1P/1N2KBNR b Kkq - 1 7,93
rnbqkb2/1p1pn1pr/2p5/3B3p/6Q1/p1P4P/PP1PNPP1/RNB1K2R w KQq - 0 11,19
r1b2bnB/2p1pk2/p1Qp3p/Pp2np1P/7p/NP1PPN2/2P2PP1/2KR1B2 b - - 2 22,-29
1rb1kb1r/ppqp1pp1/n3N3/2p1p3/4P1np/1P4P1/PNPP1P1P/R1BQKB1R b KQ - 3 14,53
rn1qkb1r/p1ppp3/1p3p1n/1N4pp/3P1P1P/PP1Q3R/2P1P1b1/R1B1KBN1 b Qkq - 0 11,38
1nnq1r2/r2b1kpp/p3p3/1p1p1p2/3P1BP1/pPP4N/3KPPBP/RQ5R b - - 5 21,95
rnbqkb1r/ppp1ppp1/3p3p/7n/4P3/5P2/PPPP1KPP/RNBQ1BNR w kq - 3 7,23
rn1k1b1r/pb1p2p1/P1pP1p1p/1p2pn2/3B1P2/N2K3N/1PP1P2P/2RQ2q1 w - - 0 16,16
rnbqkb1r/pp2pp1p/2pp4/5np1/2QP4/4PNP1/PPP2P1P/RNB1KB1R b KQkq - 1 6,-22
rn1qkbnr/p2p2pp/bp3p2/2p1p3/1P6/1QPP1P1P/PB2P1P1/RN2KBNR w KQ - 1 8,0
rnbq1bnr/1p1p1kpp/p1p1p3/5p2/2P2B2/1P1P4/P3PPPP/RNQ1KBNR b KQ - 0 6,-17
2bqkb2/rppp3r/p1n1p1P1/1Q2p3/P1P3Pp/7P/1P1P4/1RBKnBNR w - - 0 17,-134
1rbqkbnr/p2ppp1p/2p5/2P4P/1n2P1p1/5P2/PBQP1KP1/RN3BNR w k - 3 12,-36
1rb1qrk1/b4p1p/n1p2p2/pp1ppnP1/1P6/P2PPN1B/2PBKP1P/R4QR1 b - - 7 20,20
rnbqkbr1/p2pppp1/5n1p/1pp5/PP4PP/B1P4R/3PPP2/RN1QKBN1 b Qq - 1 8,-37
r1bk2Br/p4p2/n1p1qn2/1pbpp1pp/PPPP3P/4P1P1/RB3P1R/1N1Q1KN1 w - - 3 21,-26
r1b1kbr1/ppp5/1n2ppn1/1P1q4/P2P3P/R1P1pQ2/6P1/1NB1KBNR w Kq - 1 16,-16
r1q1k3/p2pb2p/bp6/1Pp2rp1/1Q5P/P1P5/2P1NPP1/RNB1KBR1 b Q - 0 22,-3
rnbqk1nr/1p1p4/3b1p1p/2p1p1pP/p1P1P2R/NP6/P1QPBPP1/R1B1K1N1 w Qkq - 0 12,-14
rnbqkbnr/1pp2p1p/p3p1p1/1N1p4/3P4/3BPN2/PPP2PPP/R1BQK2R w KQkq - 2 7,32
rnbqk1nr/1pppb1p1/p3p2p/7P/P4pP1/N2P1N2/1PP1PP2/R1BQKB1R b KQkq g3 0 7,47
rnbq1bnr/1ppk2pp/p2p1p2/4p3/5P2/3P3P/PPPNPNP1/R1BQKB1R b KQ - 0 6,-31
4qbnr/2n1kp2/1p3N2/1pp1pQpp/r1p2P1P/3PPb1N/P2R1KP1/2B2B1R b - - 8 23,154
1rbq1N1r/n3pk1p/1pp2n2/p5p1/P3ppP1/NP1P3P/2P2PB1/R1BQK2R b KQ - 0 16,-63
r1bqkbnr/pp1p2pp/2p1pp2/1N6/Pn5P/6P1/1PPPPP2/R1BQKBNR w KQkq - 0 8,-23
rnbqk2r/ppppppbp/5n2/8/P4PpP/3PP3/1PPB2P1/RN1QKBNR w KQkq - 1 8,18
r2qkb1r/pbpppp1p/4n1pn/1p6/1PP1P1PP/3B3R/P2P1P1N/RNBQK3 w Qkq - 3 10,27
r3kbn1/5pr1/np2p1pp/1bp4Q/p1P1P3/5P1N/PPN1K1PP/R2q1B1R w q - 4 18,-32
rnq1kbnr/p3p3/b1pp2p1/1pP1p2p/P3Q3/3P3P/1P2NPP1/RNB1KB1R b KQkq - 0 10,72
rnbqk1nr/p1pp1pbp/4p1p1/8/QpP2P2/5N2/PP1PP1PP/RNB1KB1R w KQkq - 2 6,24
rnb1kbnr/pp1ppp1p/2p5/q5p1/8/P3PPPP/1PPP4/RNBQKBNR b KQkq - 0 7,-1
r1bqk1nr/p1pppp2/np5b/6pp/P2P3P/4P3/RPPQ1PP1/1NB1KBNR b Kkq - 0 6,22
1nbqkbnr/r2p3p/p1p3p1/1p2pp2/2P2P1P/6P1/PP1PP3/RNBQKBNR w KQk - 0 8,6
r1b1kb1r/pp1pp2p/7n/2pBPpp1/1n6/q1N2PPP/PPPP4/R1BQ1KNR b kq - 0 12,-30
r1bq1bnr/p1ppkpp1/2n1p2p/1pP5/5P1P/2Q4N/PP1PP1P1/RNB1KB1R w KQ - 4 8,29
r1bnkb2/1pp4r/p2Np1pP/3pp2p/5P1P/4P3/PPPP2B1/R1B1K1NR b KQq - 1 15,15
rnb1k1n1/3p1p1r/1pp3p1/4q2p/p3P3/N1bB2PP/PPPPKQ2/R1B3NR b q - 1 15,13
rnb1kb1r/pp1pp2p/2p2np1/q4p2/3PP1P1/NQP3B1/PP3P1P/R3KBNR b KQkq - 1 8,-24
rnbq1b1r/p1p1kppp/8/1p1p4/1PP1P1P1/P1NP4/4P2P/R1BQKBNn w Q - 0 10,-51
1rb1kb1r/Qppqpppp/2np1n2/8/1P5P/2P5/P2PPPP1/RNB1KBNR w KQk - 1 6,50
rnbq1br1/2p2kp1/3ppn2/1p3p1p/pP1N3P/1NP1PPP1/P2P2B1/R1BQK2R w KQ - 0 16,-32
rnbqkbn1/p2pp1p1/1p3p1r/8/1Pp2P1p/2P4N/PBQPP1PP/RN2KB1R b Qq - 1 8,-42
1rbqkb1r/ppp1p3/n3pp1p/6p1/P5P1/7P/RPQnPP2/1NB1K1R1 w k - 0 16,0
1r1k1b1r/ppN2n1p/2n3p1/2pPp1P1/P4NbP/4PP1R/1qP2K2/R1B1QB2 b - - 0 16,27
rnbqk1nr/p1pp1ppp/1p6/2b1p3/6P1/4P3/PPPP1P1P/RNBQKBNR w KQkq - 3 6,10
1nb2qr1/r2kbppp/1p1P1n2/4p3/1B1N1QPP/5P1K/P1P1N3/R4BR1 b - - 6 22,40
rn2k1nr/ppp1pp1p/3q2pb/3p1b2/5P2/2N3P1/PPPPP2P/R1BQKBNR w KQkq - 1 6,-21
rnb1kb1r/1p1ppppp/p5qn/1Bp5/4P2P/3P3N/PPPBKPP1/RN1Q3R w kq - 3 9,-3
rnbqkbnr/p1p1pp2/3p2pp/1p6/1P1P4/4P2N/P1PKQPPP/RNB2B1R w kq - 0 7,32
r1bqkb1r/pp1pppp1/n4n2/2p3Bp/2P4P/3P4/PP2PPPN/RN1QKB1R b KQkq - 3 6,-9
r1b2kBr/pp1p4/4P1qb/2p2pp1/1n4Pp/2NPP2P/PPPQK3/1RB3NR b - - 4 15,36
rnbq1b1r/1pp4p/p3p1kn/3p2pN/3P3P/1P4P1/P1P1PP2/RN1QKB1R w KQ - 0 11,-156
r2n1rk1/ppp2pbp/2q5/P2np3/R3P1p1/1PP4P/3KQP2/1NB2B1R w - - 2 17,19
r1b1q1nr/p4pkp/np2p1pb/2pp4/P6P/2PPQPPN/1P2P3/RNB1KB1R w KQ - 0 11,39
rnb1k1nr/4bp1p/2p3pQ/1p1qp1N1/P2p1P2/1N2P3/1PPP2PP/R1B1KB1R w KQkq - 1 12,-41
r1b1k1nr/p1ppbp1p/np4p1/2P2Q2/4P2q/6P1/PP1PKP1P/RNB2BNR w kq - 3 9,-44
r1bqkbr1/pp2p1pp/2p4n/3p4/1P3PPn/N6P/P1PP3R/1RBQKBN1 w q - 0 12,59
rn1qkbr1/pb1p2pp/1pp2p1n/4p3/2Q5/2P1PP1N/PP1P2PP/RNB1KB1R w KQq - 2 8,5
r1q1kbnr/pb1ppp2/np4pp/8/1Pp2PP1/4P2P/P1PPBK1R/RNBQ2N1 w kq - 1 9,-25
rn2kb1n/1pB4r/4pp2/pP5p/P2p3P/R5P1/1P2PP1R/1N2KB2 w q - 3 20,-44
r2qkbnr/p1p3pp/1pnp4/4ppN1/2P1P1b1/8/PP1P1PPP/RNBQKB1R w KQkq - 0 9,3
rnbqkbn1/p1ppp2r/1p3p1p/6p1/3P1B2/5PK1/PPP1P1PP/RN1Q1BNR w q - 0 6,-82
rnbqkb1r/pp1ppppp/1np5/6P1/5P2/P1PP3P/1P1QP1B1/RNB1K1NR b KQkq - 2 9,-23
rnbqk1nr/2ppp1bp/pp4p1/5p2/1P1P1B2/5NP1/P1P1PP1P/RN1QKB1R b KQkq - 5 8,-6
1nb1kbnr/rppqpp1p/3p2p1/p7/2P5/P3PQP1/RP1P1P1P/1NB1KBNR w Kk - 1 7,21
rnb1kbnr/pp1p4/2p1pqpp/1P3p2/6P1/B1P5/P2PPP1P/RN1QKBNR w KQkq - 0 7,-12
rnbqkb1r/3p1p1p/2p1p1p1/1p1Q4/pP2P1n1/N7/P1PPBPPP/R1B1K1NR w KQkq - 1 9,-50
1r1qkbnr/2pbpp2/ppnp3p/6p1/PP1P2P1/R3PP1N/2PN3P/2BQKB1R b k - 3 13,-29
r1b1Bb1r/p3kpR1/3pp3/1pp3P1/Pn1PPP1Q/RP2nNP1/2P5/2B1K1N1 b - - 0 22,-55
1r1q1bnr/pppb1k2/2Ppp2B/5ppp/N6P/4Q3/PPPKPPP1/3R1BNR b - - 1 16,96
1nbqkb1r/rp1ppppp/2p4n/p7/5PPP/8/PPPPPK2/RNBQ1BNR w k - 4 7,-31
rn1q1b1r/pb1pkpp1/7p/1pp1pP2/P3P3/1P5n/1BPP2BP/RN1QK1R1 w Q - 3 15,18
1r1q1b1r/ppp1pp1p/n2p2p1/1B1k1b2/5PnP/P3PRP1/RPPPK3/1NBQ2N1 b - - 0 12,-3
r1bqkb1r/p1p1ppp1/1pnp1n2/6Pp/7P/3P4/PPP1PP2/RNBQKBNR b KQkq - 0 6,10
r1bqkbnr/p2pnppp/1p2p3/2p2P2/2P3PP/8/PPQPP3/RNB1KBNR w KQkq - 0 8,6
r2qkbnr/p1pnppp1/1p1p2bp/1N6/8/3P1PP1/PPP1P2P/1RBQKBNR w Kkq - 6 7,20
rn1qkbnr/pp1bpppp/2pp4/8/3P4/2P5/PP2PPPP/RNBQKBNR b KQkq - 3 6,-8
rnbk1b1r/3p1ppp/q1p1pn2/8/4PN1P/R1PP2P1/1PQ2P2/1NB1KBR1 b - - 4 16,-34
rnbqk1nr/1p6/p2b1p2/3pp1pP/P1p1P3/N1P2P2/1P1P3P/R1BQKBNR w KQkq - 1 13,-23
rnbq1b1r/pp1ppkpp/5n2/1Np2p2/P7/3P4/1PPKPPPP/R1BQ1BNR w - - 0 6,-20
rnbqkb1r/p2pnppp/2p1p3/1p5P/P3P3/8/RPPPNPP1/1NBQKB1R b Kkq - 1 6,4
rnbqkb1r/1pppp3/p4np1/5p1p/1P6/4P3/PBPP1PPP/RNQ1KBNR b KQkq - 1 6,5
r1bqk1nr/1p1nbp1p/p2p2p1/2p1p3/2P1PP2/1P4P1/P2P3P/RNBQKBNR w KQkq - 1 8,-23
rnb1kbr1/1pppqpp1/8/p2np3/1P6/2PPP1B1/P1Q2PPP/RN2KBNR b KQq - 1 8,81
1r1q2r1/1np1k3/1p3p2/pn1Pp1pp/P1P2P1B/1P6/2bKP1PP/R1Q2BR1 w - - 0 26,27
1rbqkbnr/1pp2pp1/p1np3p/4p3/4P2P/3P2P1/PPPNNP2/R1BQKB1R w KQk - 0 7,14
2bq2nr/3kp2p/1pnp1r1b/1p1P2p1/4P1P1/QP2B2P/P6R/R3K1N1 w - - 3 20,-236
r1bq1bnr/p1ppkp2/2n1p3/1p4pp/P1P1PP2/3P3P/RP4P1/1NBQKBNR b K - 0 11,39
r1bq1bnr/p1pppk1p/1pn2pp1/8/P3P3/8/1PPPNPPP/R1BQKBNR b KQ - 2 6,-43
r4knr/1b1P2pp/p1nbp3/q4p1B/5P1P/PP2P3/3B2PR/RN1QK1N1 b Q - 2 17,-36
2bq1bnr/rp1pkp2/6p1/p1p1p1P1/Pn5p/Q1PP1P1N/R3P2P/BN1K1BR1 b - - 2 15,49
1nb2r2/1r4b1/p1p1kp1n/1p1p3p/2P1P3/3B1N2/PP1P1KP1/RNBR4 w - - 1 25,50
r1bqkb1r/p6p/npp2np1/3ppp2/P1P5/3PP1PN/1P1Q1PBP/RNB1K2R w KQkq - 0 9,-23
rnb1kbnr/p4p1p/1p1ppq2/2p3p1/N3P3/P4N2/1PPPBPPP/1RBQK2R b kq - 1 9,51
r1b2k1r/2q2p1n/np6/2pp1PpN/pbPPp3/PPN5/1BQ1P1PP/1R2KB1R b - - 3 18,23
1rb1kbr1/pp2qpp1/n1p1pn2/3p3P/1P5P/P1P5/3PPP1R/RNBQKBN1 w Q - 0 10,30
r1b1k2r/p1qpp1bn/2n5/1p2Pppp/1PpP3P/5PP1/PBPQ4/RN1BK1NR b KQkq - 0 15,-4
rn1q1bnr/p1p1pkp1/5p1p/1pPp4/7Q/1P1P3b/P3PPPP/RNB1KBNR b KQ - 3 7,4
rnb2br1/pk2p1p1/2pq4/1p1p1p1p/2P2Pn1/3P3P/PP2P3/NRBQKBNR b - - 0 17,81
r2qkbnr/p2bppp1/2np3p/1pp5/2BPP3/5P2/PPP3PP/RNBQ1KNR w kq - 0 8,-26
1rbq1bnr/pppk1ppp/2npp3/8/P7/7P/1PPPPPP1/RNBQKBNR w KQ - 2 6,30
rnb1kbnr/1p2pppp/p1pq4/3p3Q/1PP1P3/6PN/P2P1P1P/RNB1KB1R w KQkq - 2 7,-21
rnbq1knr/2ppp1b1/5p2/pp5p/2P3P1/4PP2/PPQP3P/RNB1KBNR b KQ - 2 8,16
r1bqkb1r/p1ppp2p/6pn/1p2np2/1P2P3/2P3PP/P1QPBP2/RNB1K1NR b KQkq - 3 7,13
rnb1kb1r/7p/7n/3ppp2/pP2PP2/P1P4P/3P1K1R/RNB2BN1 b k - 2 22,45
r1b1k2r/ppppqppp/2nb1n2/4p3/P1P5/1P4P1/3PPPBP/RNBQK1NR w KQkq - 1 6,-9
2q1knnr/rp2pp2/6Qb/p1pp3p/P2P2bB/5P2/RPP1PKPP/1N3BNR w k - 1 13,-52
r5nr/p1kqp2p/2N2Ppb/1p1p4/1P1B3P/P1nPP3/R1P2P2/1N3KQR b - - 0 20,34
rnbqkb1r/ppppppp1/5n2/8/5P1p/N2PQ2P/PPP1P1P1/R1B1KBNR w KQkq - 0 7,-14
r1bqkb2/pppp1pp1/4pn1r/n6P/1P1N4/3P3P/P1PQPP2/RNB1KB1R b KQq - 0 8,45
rnb1kbnr/1p3ppp/pqp1p3/3p4/1P1P1P1P/P7/2PNP1P1/R1BQKBNR w KQ - 0 10,28
rnbq2r1/pp2pkbp/3p1p1n/6B1/1pP4P/3P4/PQ2PPP1/RN2KBNR w KQ - 3 10,17
rn1qkb1r/2pbppp1/3p3p/ppn5/3P4/1PP2NP1/P1NBPP1P/R2QKB1R b KQkq - 2 9,-31
rn1qk1r1/pppbppb1/3p1n2/6pp/P1P3P1/2N4P/1P1PPP2/R1BQKBNR w Kq - 5 9,-11
r1b1k1nr/p3bppp/np1p4/2p1p3/P1P1P2q/3P2P1/1PB2P1P/RNBQ1KNR b kq - 2 10,-2
rnb1kbnr/1pp2ppp/3pp3/p6q/P7/R1P2N1P/1P1PPPP1/1NBQKB1R b Kkq - 2 6,36
rnb1kbnr/p2p1ppp/8/1pp1p3/5N1q/P1P1PPPP/1P1P1K2/RNBQ1B1R b kq - 0 9,-49
r2qn2r/5pb1/bpnNk2p/p2pNp2/PBpp4/1P2P3/R1P3PP/2Q1KBR1 w - - 3 23,-201
r1bq1b1r/pp1k4/2pp1p1p/4p1P1/PnP3n1/B5PN/N2PPP2/R2QKB1R b KQ - 1 12,-23
2b1k1nr/r1p4q/2N1pp2/1N5P/1pP3pP/3PPP2/P3Kb2/RQ3BR1 b - c3 0 25,-58
rnbqk2r/2pp1ppp/1p2p2n/P1b5/8/P2P1PP1/2PNP2P/R1BQKBNR w KQkq - 1 9,48
1nb1kbnr/r1ppqppp/p7/1p2p3/1PP2P2/P2PP2N/5KPP/RNBQ1B1R b k - 0 10,7
rnb1k1nr/1pqppp1p/2p4b/p5p1/3P2P1/1P2B2B/P1PNPP1P/RN1QK2R w KQkq - 2 9,21
rnb1qb1r/1pp1k1pp/3p1n2/p3pp1P/5P2/P6R/1PPPPNP1/RNBQKB2 w - - 5 12,34
r1b1k1nr/1p2p1bp/pq1p4/5pp1/2PpP1P1/PNN2P2/1PQ4P/R1B1KB1R b KQk - 2 17,-17
r5r1/1pp1k2p/1P3pp1/p1P1p1n1/P1pqPPb1/7P/R5B1/1N2KQNR b K - 2 20,0
r2qkbnr/ppp1ppp1/4b2p/2np4/3P3P/P5PN/1PPBPP2/RN1QKB1R b KQkq - 4 6,35
rnb1kb1r/pp1p2pp/2p4n/2qPpp2/5P2/8/PPPKPNPP/RNBQ1B1R w kq - 4 7,11
1nb1kbnr/rppqppp1/8/p6p/6P1/3P1Q2/PPP2P1P/RNB1KBNR w KQk - 0 8,-1
1n1qkb1r/r1pp1ppp/b3p2n/1p6/pP2P1PP/P6B/2PP1P2/RNBQK1NR b KQk - 0 8,-71
rnbq3r/pp1p1p1p/2p2k1b/1P4pn/2P1PpP1/NN5P/P2P1K2/R1BQ1R2 w - - 0 18,18
r1bqkr1b/1Q1pp2p/n1p2np1/pp3p2/1P3PPP/N1P4R/P2PP3/R1B1KBN1 w Qq - 0 12,-86
5bnr/r1pq4/n1kpb1p1/1p3BPp/pPP2p1P/P2P4/4P2N/RNBQK1R1 b Q - 4 23,-7
7r/r2npkbp/1p1p2p1/p1p2pq1/2b1PBn1/P2P1P1N/Q3BKPP/RN4R1 w - - 12 22,152
1rbqkb1r/1pppp1p1/2n4n/p4p2/1QPPPN1p/6P1/PP3P1P/RNB1KB1R w KQk - 2 10,-60
rq2k1nr/ppp1pp1p/8/3p1Pp1/P7/2NPPn2/1PPb1PBP/R1BQ1KR1 b kq - 0 14,24
r1bq1k1r/p1ppbppp/2n4B/1p2N2n/7P/3P3R/PPP1PPP1/RN1QKB2 w Q - 2 8,-24
rn2kb1r/pp2p3/q1p1bP2/7P/1PPp1p2/P2P4/1B1KP2P/RN1Q1B1R b kq - 1 15,-11
rnbq1bnr/5p1p/p2k2p1/1p1pp3/1PNP4/P1P3P1/4PP1P/R1BQKBNR b KQ - 0 10,-17
rnbqkbnr/2ppp1p1/8/p4p1p/Np6/P3P3/1PPPKPPP/R1BQ1BNR w kq - 0 8,-21
rnbqkbnr/p1pp3p/5pp1/1p2p2Q/1P2P3/6P1/PBPP1P1P/RN2KBNR w KQkq - 0 6,16
rnbqkb1r/1pp1p1pp/3p3n/5p2/pP1Q4/4P3/P1PP1PPP/RNB1KBNR w KQkq - 0 6,-24
1nbqkb1r/rpppppp1/p4n1p/8/P2N1P2/N1P1P3/1P1P1KPP/R1BQ1B1R w k - 3 9,11
rn2kbnr/1p1b4/p1ppp1pp/3q2P1/N2PpB2/1P5N/P1PK1P1P/1RQ2B1R w - - 1 15,-1
1q2kbn1/4p2r/rNn1bppp/p3p3/2PP4/4PPP1/RP3KBP/1QBR4 w - - 9 26,-1
r3k1n1/pq2ppbr/b2P3p/1p4p1/1P1n2P1/2NN4/P2K1P1P/R1BQ1B1R w q - 1 18,31
rq2k1r1/Npp1pp2/5bP1/3nnb1p/P1P5/1P3N2/3KQ1PP/R1B2B1R w - - 1 21,104
rnbqkbnr/2ppp1p1/1p6/5p1p/p1PPPP2/8/PP4PP/RNBQKBNR b KQkq - 0 6,7
rnbqk1nr/pppp2pp/5p2/2b1p3/NP1P4/P7/2P1PPPP/1RBQKBNR b Kkq - 1 7,-9
r4bnr/pbp1k3/q3p1pp/Pp2npP1/1P6/N1P2P1P/3PB3/R1BQK1NR b KQ - 0 17,46
r1bqk1nr/p1ppnp1p/4R1pb/1p6/P1P5/8/1P1PPPPP/1NBQKBNR w Kkq - 1 8,-63
rn1qkbnr/ppp1pppp/b7/3p4/5N2/4P3/PPPP1PPP/1RBQKBNR w Kkq - 8 6,25
rnbk1bn1/1q4p1/1pp1p1p1/3pPp1r/p4P2/N1P2Q2/PP1PB2P/1RB1K1NR b K - 1 18,3
rnbqkbnr/1p3p1p/3pp3/p1P5/1P3Pp1/P1P3P1/4P2P/RNBQKBNR b KQkq - 0 7,24
rnbqkbr1/1p3p1p/p2p4/2pBp1pn/5N2/P1N1P1P1/1PPP1P1P/R1BQK1R1 b Qq - 1 11,56
4k2r/pp6/1Nn1pppn/2b5/3N2Pp/1p1P3P/RPPQ4/2B3KR b k - 2 25,-173
r2qkbnr/pbppp1p1/2n2p2/1p5p/7P/P2PPN2/1PP1KPP1/RNBQ1B1R b kq - 0 6,27
rnbqkb1r/3ppppp/1pp5/p7/P5n1/BP2P2P/2PPKPP1/RN1Q1BNR b kq - 3 6,7
1nb1kqnr/r4pb1/p1p3pp/Bp1pP3/P5P1/1PP4P/4PP2/RN1QKBNR b Qk - 0 13,2
rnbqkb1r/2Qp1pp1/p2P4/1p2p1np/1P6/N3PP1P/P1P1K1P1/R1B2BNR w kq - 0 14,-3
rn1qkb1r/1bp2ppp/p1P1p3/8/1p1p1QPP/P7/1P1PPP2/RNB1KBNR b KQkq - 1 10,-112
1r1qkb1r/2p1pp1N/bp6/p2p4/1nPP2P1/BP6/P2P1PBP/RN1QK2R b KQk - 0 13,0
rnbqkb1r/1pppp1pp/p4n2/P4p2/5P1P/1P6/2PPP1P1/RNBQKBNR w KQkq - 1 6,6
rnbqkb1r/1p1p1pp1/p3p3/2p4p/P1PPP1nP/N7/RP3PP1/2BQKBNR w Kkq - 0 8,54
3rk1nr/1bp2qbp/p1np2pP/1p3p2/1P4B1/P1P1pPP1/1QK1N3/RNB4R w - - 3 24,-140
rnb1kb2/p3p1r1/1pp5/P2p1p1p/5PqP/RPPPP3/2NR4/2BQKN2 w q - 3 22,18
1nbqkb1r/rppppnpp/p7/5p2/1P5P/N3PP2/P1PP2P1/R1BQKBNR w KQk - 1 6,-28
rnb1kb1r/pq1pppp1/1p2Q2p/2pn4/8/2PP2BP/PP2PPP1/RN2KBNR w KQkq - 1 8,-15
r2qkb1r/1pp2pp1/p1n2n1p/PP1pp3/3P1P1P/2N3Pb/2PBP3/R2QKBNR b Kk - 1 13,80
rn2k2r/1bpp2pp/1pP5/p4p2/Qq2p1nP/bP2PP1R/P2P2P1/RNBK1BN1 b kq - 4 14,-118
r2qk1n1/3n1pbr/p2p3p/1Pp2b2/NP2p2p/2BP4/P3PNP1/2RQKBR1 w q - 0 23,34
r1bqkbnr/1ppp1ppp/p3p3/3Nn3/3N1P2/P7/1PPPP1PP/R1BQKB1R w KQkq - 0 7,-36
r1bqkr2/2ppnpbn/p3p1p1/1p5p/1P3P2/N1PN2P1/P2PP2P/RQB1KBR1 w Qq - 0 16,5
r1bq1kr1/1ppp3n/p7/5pp1/3n1pPp/N6P/RbP1PBK1/2Q2BNR w - - 2 20,-65
r1b2knr/3pn1pp/p1p1B3/qp3p2/4P2P/N1P1R1b1/PPQP1PP1/R1B1K1N1 b Q - 2 14,-3
rn2kb1r/p2pp3/bqp5/4Np2/1Pp1nPpp/P4BPP/3PQ3/RNB1KR2 w Q - 2 17,98
rnbqk1nr/1p1p3p/4pp1b/p1p3p1/5P2/P2PBNP1/RPP1P2P/1N1QKBR1 b kq - 3 8,28
1nbqk1nr/r1pp1ppp/4p3/pp6/1P4PN/b7/2PPPP1P/RNBQKB1R w KQk - 1 6,-13
rn2kbn1/p1pb1p1r/1p2p1p1/3p2qp/7P/PP2PPBR/2PP1KP1/RN1Q1BN1 b - - 1 13,12
rnbqk1nr/3pbpp1/p6p/Pp6/1Pp1p3/3PB1P1/2P1PP1P/RN1QKBNR w KQkq - 4 11,-2
4kbnr/1q4pp/rp2pQ2/p1pN4/P3BB2/4p3/1P3P1P/1R2nKNR b k - 5 24,-68
rnbqkbnr/ppp5/3pp2p/5pp1/8/2P1PPP1/PP1PQ2P/RNB1KBNR w KQkq - 0 6,5
1rbqkbnr/p1pnpp1p/1p1p4/7p/2P5/N5P1/PP1PPP1R/R1BQKBN1 w Qk - 0 7,-15
rnb1qbnr/1ppp1p2/5k2/p3p2p/1PP1P2p/N4P2/PQ1P2PR/R1BK1BN1 b - - 3 12,18
r1bq1bnr/p2ppkpp/5p2/8/1nppPPP1/N6N/PP5P/R1BQKB1R w KQ - 0 9,-1
rqb1kbnr/p5p1/npppp2p/5p1P/P1P1P3/1B6/RP1P1PPR/1NBQ1KN1 w kq - 3 11,35
rnbqkbnr/p3pp1p/2pp2p1/8/1p1PPP1P/P7/1PP2KP1/RNBQ1BNR b kq - 0 6,-7
rnbqk1nr/p1ppp1b1/5p2/1p3Pp1/1P2P2p/3P2PP/P1P5/RNBQKBNR b KQkq - 0 7,10
rn2kbr1/p4p1b/3p4/1p2p1Pp/1pPP1Pn1/PR3R2/1KQNP3/2B2B2 b - - 0 25,54
1rbq1bnr/p2p2pp/np2k2B/1Pp1p1N1/2P3p1/N2P4/P3PP1P/R2QKB1R b KQ - 1 10,59
r2qkbnr/2p1pppp/ppn1b3/3p4/8/N2PPN1P/PPP2PP1/R1BQKB1R w KQkq - 1 6,28
rn2qbr1/2pk2pp/1p1p4/P2N4/2PN3P/P2pP1n1/1R6/2B1KB1R w K - 1 24,23
rnbqkbr1/ppppp1p1/5p2/P3n2p/1P4PP/7N/2PPPP2/RNBQKB1R b KQq - 0 7,65
rnb1kbn1/pp1p1ppr/1q5p/2p1p3/2P5/N2P1P1P/PP2PKP1/R1BQ1BNR w q - 1 8,-5
rnbqkb1r/2ppppp1/p7/1pP4p/P5n1/8/1P1PPPBP/RNBQ1KNR b kq - 1 6,-25
1nbqkbnr/rpppp1p1/8/5p1p/Pp4P1/3P3P/2P1PP2/RNBQKBNR w KQk - 0 6,20
r1b5/p1pk2rq/B3pnp1/3p3P/3PpQp1/PPn1KP2/2P3R1/RN4N1 w - - 2 25,4
4k1n1/r3bp1r/npqpbPpp/1PpPp3/p1P3P1/N3P2B/P5KQ/R1B2R2 b - - 6 25,-4
1nq1k1n1/rb4pr/2p1P3/Pp5p/1b1p4/N2P4/P1PBNPPP/R2QKB1R b Q - 6 17,2
n2k4/1r2bq1r/3pPp2/1pp2PpQ/p1P1PP2/PP1B2B1/R2N2RP/1N1K4 b - - 1 25,7
n1b2bnr/1r2k3/p2p1pp1/1pp1p2p/P1P1PB1P/1P1P1P1q/1N1Q2PR/R3KBN1 b - - 2 21,46
r1q1kbnr/pp2p3/P1p2p1p/3pn1p1/b3P1P1/BPPP1P1N/2Q4P/1R1NKB1R b Kkq - 0 18,-4
rn3bn1/p3pkp1/bp1q3r/2pp1p1p/P1PPP1PP/3B1N2/1P1K1P2/RNBQ2R1 b - - 2 15,-3
5b1r/1rpkp1pN/pn5B/2PP1p1p/1n1P4/N1Q2q1b/PP4PP/3RKBR1 b - - 1 22,-12
1rbqkbnr/p2ppppp/np6/P1p5/1P6/8/2PPPPPP/RNBQKBNR w KQk - 0 6,29
r1b1kbnr/ppqp1pp1/2n5/1Np1p2p/7N/6P1/PPPPPPBP/R1BQK2R b KQkq - 1 6,-2
r1bqk2r/ppppbppp/4p2n/3N4/P2n4/4R3/1PPPPPPP/2BQKBNR w Kkq - 4 6,-3
r1b1kbnr/ppp1qppp/2np4/4p3/1PP5/2N2N2/P1QPPPPP/R1B1KB1R b KQkq - 1 7,73
rq3bnr/R3pk2/2n2ppp/1PNp4/8/1P1PPPPb/2P4P/1NBQKB1R b K - 0 13,41
3k2nr/1qp1p1bp/rn3p2/p2pB1p1/2PP2P1/1PN2P2/R3P1BR/3Q1KN1 b - - 4 19,-20
rnbqk2r/1pppn2p/4p3/p4pp1/P3QbB1/2P1P2N/1P1P1PPP/RNB2KR1 w kq - 2 14,96
r1bqkbnr/pppp4/2n1pp2/6pp/1P6/N4PP1/P1PPP2P/1RBQKBNR w Kkq - 1 6,-38
1nbqkb1r/rpppp2p/5n2/p4pp1/2P2N2/5P2/PP1PP1PP/RNBQKBR1 w Qk - 2 6,21
r1bq1knr/3np1pp/1p6/p1pp1p2/3P4/8/PPPKPPPP/RNBQ1B1R w - - 0 9,47
r1b1qbr1/6kp/4p2n/pNpP1ppP/1P3N2/1P3PP1/2PP2Q1/1RB2RK1 b - - 0 23,52
r6r/1ppbkp1p/2n2np1/pB2p3/1b6/P1q2P2/Q1PP2PP/RNB1KRN1 b Q - 7 16,-4
rnbq1b1r/p1pkp2p/1p6/3p1pp1/1P1P4/4PnP1/P1P1KP1P/RNBQ1B1R w - - 0 10,0
rn1q1b1r/p1p1p1k1/b2p2p1/5p1p/QpP2Pn1/3P2P1/PP1NP2P/R1B1KBNR b - - 1 12,-9
2r2knr/p2bb1pp/np1p1N2/P1p1p1p1/2P5/RP2P1P1/3P1P1P/2BQK2R b K - 0 14,52
r1k3nr/p2nBp1p/1p2B3/1P3bP1/P1qPp1PP/2p1P3/R1P1Q3/1N2K1NR b - - 5 23,-17
4k2r/prp2p1p/2np1q1n/1pb1p1p1/2P1P3/3P1P1P/PP1Nb1P1/RKB1QBNR b k - 0 14,19
r1b1kb1r/2B2ppp/ppq1p1Nn/3p4/P2P2P1/1P1P4/2Q1PP1P/2KR1BNR b - - 1 15,-12
2bqk2r/2pp1p1p/r4bp1/1B2B3/1n4P1/pPn2P1K/P2P3P/R4QNR w - - 2 26,-56
1n3k1r/r1q1pp1p/p3P2b/N1ppN1p1/P5PR/1P1P4/2P1BPP1/1RBK4 w - - 5 25,-87
rnb1kb1r/p2pp1pp/1p6/P1p2p2/4nqPP/1PN5/R1PPPP2/2BQKBNR w Kkq - 1 10,58
rnb1kb1r/1p1ppppp/7n/2p5/p2P1PP1/N2qP3/PPPQ3P/R1B1KBNR b KQkq - 0 9,-91
r1bqkb1r/2ppnp2/2n1p1pp/pp6/2P1PP2/PP1P4/R3B1PP/1NBQK1NR b Kkq - 2 8,0
r3kb1r/p1p2pp1/1pn1n3/1N5p/PPPp1P1P/q3P3/3P2bN/3QKB1R w Kkq - 1 16,86
2bqkb1r/r1pppppp/1pn5/p2n4/P1P3P1/1P2P3/3PNP1P/RNBQKB1R b KQk - 0 7,0
rnbk1bnr/3ppppp/2p5/pp6/1qQ3PP/N3P3/P1PPBP1R/R1B1K1N1 w Q - 0 11,10
r1bqkbnr/ppp2ppp/n2pp3/P7/8/2N3PP/1PPPPP2/R1BQKBNR b KQkq - 0 6,-34
r1b1kbnr/1ppq1ppp/p1npp3/8/1P3P2/N1P4P/P2PP1P1/R1BQKBNR w KQkq - 1 6,-22
rnb1kbnr/p2pp3/2q2p2/1pp3p1/4NP1p/1P1PP3/P1P2KPP/R1BQ1BNR w kq - 1 9,-13
r1b1k2r/p1pp1ppp/3bpn2/1pn5/1P6/P1KP1P1P/2PN2P1/R2Q1BNR b kq - 0 13,-25
rn1qkbnr/1bppp1p1/p4p2/1p6/2P4p/PP1PPP2/6PP/RNBQKBNR b KQkq - 0 7,-23
1n2kr2/1p1b2bp/6r1/p3ppP1/2p1P1PP/P1P5/1P1P4/RNB1KB1R b Q - 0 18,-45
2bQ2nr/3p1qpp/n2k4/ppp1rp2/4PP2/1PP4P/P2P2PR/RNB1K1N1 b Q - 2 18,65
rn1qkb1r/4pppp/1p1p3n/p1p5/3P4/2N1B1PP/PPP1PP2/R2QKbNR w KQkq - 0 8,5
rnbqkbn1/1p1ppp1r/p1p4p/4B1p1/1P6/6PN/P1PPPP1P/RN1QKB1R w KQq - 0 6,-33
r1b1k1nr/1p1p3p/n7/pPp1ppp1/P3P1P1/1P1PKPbB/3N4/R1B3NR b kq - 0 19,9
r1bqkbr1/n1p1p2p/6pn/pp1p4/P2Pp3/2P1BP1P/1P3KP1/RN1Q1BNR w q - 0 11,93
r1bqkbr1/p1p2ppp/3p4/1p1Q4/3nn1P1/2P2N2/PP1PPP1P/R1B1KBR1 b Qq - 1 9,55
rn1qk1nr/ppp1pp1p/3p2p1/6N1/3P1b1P/BP1BP1P1/P1P2Pb1/RN1QK2R b KQkq - 8 10,-43
r1bqk1nr/p2pppb1/np4p1/2p4p/P2P4/4B1P1/1PP1PP1P/RN1QKBNR w KQkq - 0 7,-2
1nb1kbnr/1p3pp1/rq1p4/p1p1p1Np/2PPPP2/N5K1/PP1Q2PP/R1B2B1R w k - 4 12,93
rnbqkbn1/pp2p1pr/7p/2pp1p2/7P/P2P1P1R/1PP1P1P1/RNBQKBN1 w Qq - 1 6,-25
rnbq2nr/pppp1kp1/3b3p/4p3/1PP1pPP1/3P4/P2KB2P/RNBQ2NR w - - 2 10,13
r3kbnr/pppqp1pp/n3b3/3p1p2/PPB1PP2/6PN/2PP3P/RNBQK2R w KQkq - 2 8,-7
1n1qkbn1/2p1p1p1/bp1p2r1/4p2p/1rPN3Q/PP5N/3P1PPP/R1B4K w - - 0 21,64
r2k1b2/pp1bnppr/nqp1p2p/3P4/QP4PP/N4N1B/P2PPP2/R1B1K2R b Q - 5 12,19
r1bqk1nr/2pnppb1/1p1p2p1/p3P2p/P2P3P/1P3P2/2P3P1/RNBQKBNR w KQkq - 1 9,95
2bq2n1/2pk2b1/1rn1pp2/pP1p2p1/2pPP1pr/B7/P4P2/RN1RNKQB w - - 1 24,10
rn1qk1n1/p1pb1p1p/4p3/2Pr4/1pQB1Pp1/PP2p3/2P1P1PP/R3KBNR w Kq - 5 21,25
2bqk1nr/1p1pb2p/r3Pp2/1Pp3p1/p4PP1/7N/P1PQn1KP/RNB2B1R b k - 1 13,20
1nb4q/rpp1kp2/3bp2r/p1Bp2Pp/PP1Pn3/1NP4P/4P1P1/R2QKBNR b KQ - 4 15,38
rnbqkbn1/pp1p2p1/2p2p1r/4p2p/P6P/R1P2P2/1P1PP1P1/1NBQKBNR w Kq - 0 6,-6
r3kr2/ppq1bbpp/n2p1p1n/2P5/1PP2p2/P1N2N1P/2QBPKPR/R4B2 b - - 2 21,-36
1rb1kb1r/2pp3p/pp3qp1/4pp2/1n1PP1n1/5PPP/PPP1B3/RNBQK1NR b k - 0 14,-22
2b2rn1/1pp1k3/r7/4np2/p1P2pP1/bPK1N3/P2BP3/1R1q1BNR w - - 2 26,-14
1rq2b1r/pb1k3p/1p1pNp1n/2p1p3/1nP1PPpP/1PNB2P1/P2PK3/R1BQR3 w - - 5 20,-29
rnbqkr2/p1pp3p/7n/1pb1pPp1/3P1B1P/1P6/P1P2PPR/RN1QKBN1 b Qq - 2 8,-26
r1b1k3/pq1p2p1/1N5n/1pp1Np2/P2QPBPp/4R2P/1PPK4/5B1R b q - 6 21,-128
r1b1kbnr/1pp1q2p/n2p1p2/p3p1p1/2PP4/PP3P1N/4P1PP/RNBQKBR1 w Qkq - 1 8,-51
r1bqk1nr/2pp1ppp/p3p3/1pb5/P2n4/1PP5/3PPPPP/RNBQKBNR b KQkq - 1 7,5
r1bqkbnr/p1ppp3/1p3p1p/n5p1/4P1Q1/1PP4P/P2PNPPR/RNB1KB2 b Qkq - 1 7,69
rnbk1bnr/1pqppppp/2p5/p7/P4P2/RP4P1/2PPP2P/1NBQKBNR w K - 1 6,20
rn2kbnr/qp2pppp/p1pp4/8/P1P3bP/5PP1/1P1PP3/RNBQKBNR b Kkq - 4 10,-8
rqb1kbnr/p2ppppp/1p4B1/n1p5/8/NP2P2N/P1PP1PPP/R1BQK2R w KQkq - 1 7,30
rn2k2r/pq3p2/1pp1p1np/3p2p1/4P3/b2P1NP1/PPPN1P1P/1RBKQR2 b kq - 6 20,26
r1b4r/3p1pp1/1pqbpk1p/p1p2n1P/1nP2P2/PP1PP1PR/2R5/1N1KQBN1 w - - 0 17,69
2b1kb1r/r1p1qp1p/2np4/pp2pp2/P1P1P3/1P3P1N/3P2BP/RNBQK2R b KQ - 0 13,95
r1bqkb1r/pppp1pp1/n3p3/7p/2P5/1P1PPn2/P3KPPP/RNBQ1BR1 w kq - 0 8,28
r4kn1/p2p3r/n1p3p1/1p1NppPp/5P1P/2P5/P2BP3/2KR1B1R b - - 2 21,198
rnbq1bnr/pp1pk1p1/5p1p/2p1p1P1/1PP4P/B4P2/P2PP3/RN1QKBNR b KQ - 0 7,43
rn1qk1nr/pppb1p1p/4p1pb/2Pp4/8/1P6/P1NPPPPP/R1BQKBNR w KQkq - 1 6,4
2r1k3/1p2b1pr/p1pqpB2/PPPn1p1p/3p1P1P/2NPP3/1Q2B2P/R3K2R b - - 3 25,-22
1nb1kb2/r3n2R/2p1qpp1/ppQ1p1P1/P5P1/2p1PP2/RP1P1KB1/1NB5 b - - 2 21,-24
r1q1kQ2/1bBp4/n4n1p/4pN2/4pNp1/p5P1/P3KP1P/R4BR1 b q - 0 22,8
r4b1r/pp1b1kp1/4p1n1/2p1Bp1p/2p2Pq1/NP1PP2P/2P2Q1R/R3K1N1 b - - 9 19,12
1rb3kr/p1pp2p1/n2Qp3/1pP1np1p/3P2qb/NK3N2/PP2P1P1/R1B2B1R w - - 0 23,-4
r1bqkbnr/1pp2ppp/4p3/p2p4/1n4P1/4PN1P/PPPP1P1R/RNBQKB2 w Qkq - 0 6,-28
r2qkb1r/2n1pppp/p6n/3P4/Pp1p1P2/R3P2b/1P2N1P1/1NBQKB1R w q - 1 13,13
r1bqkbnr/pp2p1pp/n2p4/2p2pN1/8/P2P4/1PP1PPPP/RNBQKB1R b KQkq - 0 6,25
r1bqk2r/p2p2bp/n5p1/PNpPpp2/4n3/1PPQP2P/5PP1/R1B1KBNR b KQkq - 0 13,-36
rnb1kbnr/ppqpp1p1/8/5p1p/P1pP4/8/1PPNPPPP/RNBQKB1R b KQkq - 0 6,-15
1nb1kbr1/rp1pp1pp/3q3n/p1p5/PPP1pPQ1/3P3N/3K2PP/RNB2B1R w - - 0 10,-24
r1bq1bnr/pp2k1pp/n2ppp2/2p5/P1P3P1/1P3P1P/3PPK2/RNBQ1BNR w - - 2 9,6
r2qkbnr/p1p1p2p/1pn2pp1/3p4/1P6/P1PPP1P1/4bP1P/RNBQK1NR w KQkq - 0 10,19
4kbn1/rb2p3/4N1pr/p3p2p/PpP1QP2/1PN5/3q3P/1R1K1B1R w - - 0 24,-4
rn1qkbnr/1p2p2p/2p1b1p1/p4p2/2Pp1P2/N2P1N2/PPQ1P1PP/R1B1KB1R b KQkq - 3 8,24
r3k3/1pp3pr/1Pn1N3/p1pNpp2/4q3/4nPB1/P1PKP1PQ/1R3B1R b - - 1 23,12
r1bk1bnr/ppp2ppp/2p1p1qB/1P1P4/2P5/8/P3PPP1/RN1QKB1R w KQ - 1 12,4
rnbqkbn1/1pppp3/6pr/3P2pp/p6P/8/PPP1PPP1/RNBQKB1R w KQq - 0 8,-102
rnb1k1nr/pp1pbp2/5qp1/1Bp1p2Q/8/4P3/PPPP1PPP/RNBK2NR w kq - 0 8,3
rnq1k1nr/p1pp2bp/b4p2/1p2p1P1/3P4/P1NQ3P/1PPKP1P1/R1B2BNR b kq - 0 8,-55
r2q2k1/8/ppnpbb1r/1Bp2p1p/P1N3n1/1PP1P2P/RB1K2P1/3Q2NR w - - 5 20,-62
rn2kn1r/p7/1B1p3p/5p2/8/bP5B/NQPNbP1P/R3KR2 b Qkq - 2 25,105
rnbqkb1r/pppp1ppp/4p3/8/N2n4/3P4/PPP1PPPP/1RBQKBNR w Kkq - 3 7,43
rn1k1bnr/2p1p1pp/p2qb3/3p1p2/RP3PPN/3P4/2PKP1BP/1NBQ3R b - - 0 10,-2
1n3b1r/3bpkpp/1rq2n2/ppQp1p2/P1pP1PP1/1P2P3/R1P1KN1P/1NB2BR1 w - - 6 17,-46
r1bqkb1r/p1p1pn1p/n2p1p2/6p1/Pp1PPBP1/8/2PQBP1P/RN3KNR w kq - 6 13,-26
rn2qbnr/2pkp3/p2N1p2/1p1p3p/NP1P2pP/5PPB/P1PBPK2/R2Q3R b - - 3 15,-21
rn2kbnr/ppp1pppp/8/5q2/3p1P2/4P2Q/PPPPK1PP/RNB2B1R b kq - 1 7,8
2bq1bnr/nrpkp3/p7/3pPpp1/p2P2pN/5P2/1PPN1QPP/R1B2RK1 w - - 0 16,-5
rnb1kbnr/p1pq1p2/7p/1B1pp1N1/8/2N1P3/PPPP1PPP/1RBQ1RK1 b kq - 2 8,-35
3qkr2/1pp1ppb1/n2p1n2/5bp1/1p2PP2/r1NP3R/RBP1Q1P1/4KBN1 w - - 2 15,18
1nbqkbnr/3p2pp/r4p2/pppNp1P1/P3P3/R4P2/1PPP3P/1NBQKB1R b K - 5 9,-3
rn2kb1r/1b1pqp1p/p5Qn/2pPp3/1p3P2/NP1BP2N/P1PK2PP/R1B4R w kq - 1 14,63
r1bq1r2/p1pkb1p1/1p2pn1p/1N1P1p2/P2PB1n1/3QB1PP/1P2PP2/3RK1NR b K - 1 15,2
1nb1k3/pr1p2b1/4p3/1Bn2p2/P2P1Kp1/p1B1P1P1/2P1NP1r/R1Q5 w - - 2 26,0
r2q1kr1/p2bb1pp/n2pp2n/1pp5/P1PP1NPP/4BN2/1P3K2/R1Q2BR1 b - - 0 16,43
r1bqkb1r/3p2pp/p1p1pp2/1pP4n/4PPB1/RP1P4/n5PP/1NBQ1KNR b kq - 3 13,29
rn2kbn1/1p2ppBr/1q1p4/pPp5/P1PP4/4P2b/3Q1PPP/RN1K1B1R w q - 7 14,-2
rnbqkb2/5ppr/p2ppn2/1pp5/7N/PPP3PP/1R1PPP2/1NBQKB1R b q - 0 11,12
rnb1kbnr/1p1p1p2/2p1p3/p6p/2P2PPq/2NPP2N/1P2K1P1/R1BQ1B1R b kq - 3 12,-16
2rqkbnr/p1pbp2p/2n3p1/1B1p1p2/3P2P1/4PN2/PPP2P1P/RNBQK2R b Qk - 4 9,42
rn1q1bnr/p1k1pppp/3p4/2p3B1/QpbP4/2P2P1P/PP2P1PR/RN2KBN1 b Q - 3 10,-69
1rb2kr1/ppp2p2/B2p2p1/1N1P1n1p/1b2p2q/1P1P3P/P1P1KPP1/1RBQ2NR w - - 3 18,19
rnbqk1nr/2pp1p2/4p2b/pp4pP/PP6/2N2N1B/2PPPP1P/R1BQK2R b KQkq - 3 7,16
r1bqkbnr/1ppppppp/2n5/2P4P/p1B5/4P3/PP1P1PP1/RNBQK1NR b KQkq - 2 6,-28
2b2kr1/3rb1pp/2n1pn1Q/pB2p3/P1p1P3/6PN/1PPB1P1P/1R3KR1 b - - 7 25,61
rnb2bnr/p1qp1k2/1p5p/4PpP1/P1P2P2/B1p5/2Q1P1PR/R3KBN1 b - - 1 16,13
r1br4/3k3p/p1pp3b/K3p2P/PBp1P1p1/4QPpN/2PN3R/R4B2 b - - 1 24,-30
r5n1/p3bkr1/1pPqpppp/P5PQ/8/2PbP2P/3N1P2/2R1KBNR w - - 2 24,26
rnbqkbnr/1pp1ppp1/p2p3p/8/1P1P4/P6N/1BPQPPPP/RN2KB1R b KQkq - 1 6,-19
1n1qkb1r/r2pp2p/b1p2ppn/ppP4Q/3NPP2/1P6/P2P2PP/R1B1KBNR w KQk - 1 10,1
r1bqkbnr/ppp2p1p/n2p4/4p3/1PP1P1p1/8/PB1P1PPP/RNQ1KBNR w KQkq - 0 6,1
1r3knr/2pb4/1p2p1p1/pP3p2/1b4pP/P3P1P1/2NP1P2/R1B1KB1R b KQ - 0 20,27
r1b1kb1r/p2p2pp/8/1pPqpnQ1/5P1B/P1PP4/5KPP/RN3BNR b - - 1 20,30
r1b2bn1/ppppkp1r/2n1p1p1/1q5p/P7/1P1BP2R/2PPQPP1/R1BNK1N1 b Q - 3 12,-11
1n1qkbnr/rp3bpp/p2p1p2/2p1p3/7N/P1N2BP1/1PPPPP1P/R1BQK2R b KQk - 3 10,22
rnbqkbnr/ppp1pppp/8/3p4/8/PPN5/2PPPPPP/R1BQKBNR w KQkq - 3 6,19
r2k1bnr/p7/b5p1/4pp1p/2pqN3/3PP1P1/PP1KBP1P/R1B3NR w - - 1 14,-24
1nbqkb2/3rpppr/1ppp1n1p/p7/1P1P2P1/P1PQBN1P/4PP2/R3KBNR b KQ - 4 11,-12
r1b1kbnr/pp2pppp/n7/2pp4/q2P3P/NP2PPP1/P1P5/R1BQKBNR b KQkq - 0 7,-31
rnbqkbnr/1p1p1pp1/4p2p/p1p5/1P5P/P4P1N/2PPP1P1/RNBQKB1R w KQkq - 0 6,-5
r2q2nr/p2bk2p/2p2pnb/1pP2p2/1P1p1P1P/3PP2R/P2NBQP1/R1BK4 w - - 4 24,-20
rn1qk2r/p1pb2p1/1p5n/1Bbpp2p/4Pp2/P4N1P/1PPP1PP1/RNBQK1R1 w Qkq - 0 10,-1
1rb2bn1/p1Q1p1pr/n2qkp1p/1p1p4/P2P4/Np2B1P1/R1P1PP1P/4KBNR w K - 0 14,36
rn1q1knr/p3bppp/bp1p3P/4p3/P1Pp4/1P6/4PPP1/RNBQKBNR w KQ - 0 9,21
r1bqkb1r/p3pp1p/np1p2p1/2p4n/3P4/P1N1B2P/1PPQPPP1/R3KBNR b KQkq - 5 10,-2
r1bqkbnr/pppppp2/n7/P5p1/QPP4p/R4P2/3PP1PP/1NB1KBNR b Kkq - 1 7,29
rnbqkbnr/4pp1p/ppp3pQ/8/2P5/4p2P/PP1P1PP1/RNBBK1NR w KQkq - 0 8,-4
rnbq1knr/2p3pp/p7/4pP2/1b1p1P2/N1PP3P/1P1B2P1/R2QKBNR b K - 2 14,-26
1nb1kb1r/rp1ppppp/4qn2/p1p3B1/P1PP2PP/1P6/2Q1PP2/RN2KBNR b KQk - 4 9,0
r1b1kbnr/1pp2p2/3q4/p2pn1p1/NPPP4/PQ2PP1p/RB2B1PP/4K2R w Kq - 2 16,1
r1nnkr2/3pp1bp/Ppp2p1Q/4P2p/1P6/2Nq1PP1/2PP4/1RB1K1NR b q - 0 23,1
rnbqkN1r/1ppp4/5p2/4p2n/pPPP3P/b7/P3PPP1/1RBQKBNR b Kkq b3 0 10,29
1nbqk2r/1ppp1ppp/4p3/r3n3/p5QP/b3P3/PPPP1PBR/R1B1K1N1 w k - 0 11,25
1rbq1b2/1ppp2k1/5n1r/Pp1PpppB/3N3p/RP3P1P/2PP2PR/2BQK3 w - - 1 20,-10
rnbqkbn1/1ppp1p1r/4p1p1/p6p/3P3P/P7/1PP1PPPR/RNBQKBN1 b Qq - 1 7,-5
rnb2bnr/1p2pkpp/p7/2pp1P1P/5qP1/1PP2N2/P2PBK2/RNBQ3R b - - 1 11,-66
rn1qk1nr/p1pp1pbp/2b3p1/1p1Pp3/3Q4/N3B3/PPP1PPPP/1R2KBNR w Kkq - 5 7,94
r1bqk1nr/2pn2pp/p3p3/1pbp1pQ1/1P1P4/2P2P2/P1N1P1PP/R1B1KBNR b KQkq - 3 9,26
1rbq1br1/pppppkpp/n4p1n/8/2P2B2/1QNP4/PP2PPPP/R3KBNR b KQ - 9 7,-21
rnbqkb1r/2p1pppp/p7/1p1p4/P5n1/N2PP3/RPPBBPPP/3QK1NR b Kkq - 1 7,-42
r1bqk1n1/1ppp1ppr/p1n5/4p2p/8/2bP1P2/PPP1PBPP/1R1QKBNR w Kq - 0 8,7
r1bq1bnr/p1p1p1kp/3p1p2/1p6/1n1P1Pp1/4B3/P1P1P1PP/RN1QKBNR w - - 2 10,82
2r1kb1r/pbpq1ppp/3p3n/1pn1p3/1PP4P/B2P2PR/P3PPB1/RNQ1K1N1 w Qk - 5 11,-77
r1bqkbr1/pp1ppp1p/1n4pn/1Np5/7P/BP3P1R/P1PPP1P1/1R1QKBN1 w q - 11 9,-7
rnb2bnr/1p1ppk2/pq3pp1/2p4p/8/4P1P1/PPPP1PBP/RNB1QKNR w - - 3 8,27
rnbqkbnr/2pppp2/pp4p1/P7/5PP1/1PN1P2p/2PP3P/R1BQKBNR b KQkq - 0 9,-36
q2nkb1r/r1p3p1/1p1pp2p/8/2P3KP/Pp1BPNn1/R2PQ1P1/1NBR4 w - - 0 26,22
r2qk1nr/pbp2pp1/1pn4p/4pQ1P/1bNpP1PR/8/PPPP1P2/R1B1KBN1 w Qkq - 0 10,-30
r3k3/3bn1r1/n1ppQ1qb/p3p1pp/2p1P2P/1PNPBPP1/P3R3/2RK1BN1 w - - 14 26,14
r1bk2nr/2pn4/pp4p1/2b1pp2/1PPpP3/P4NP1/3P1P1P/RNBK1B1R b - - 2 15,70
1n2kbnr/1p1b1pp1/1q1p2Pp/1rp1p3/P1P1PB1P/3P4/P2N1PKR/R3QBN1 b k - 3 18,43
rnbqkb1r/ppp1p1pp/3p3n/5p2/7P/N3PN2/PPPPKPP1/R1BQ1B1R w kq - 0 6,-8
1r2qbQ1/ppk2pp1/4b3/2p5/1PpB4/4Pp1P/P1nP1P2/RN1K2R1 w - - 7 23,10
rq3bn1/n2b2kr/p4pp1/1p1pN2p/6PP/P1PP1P1N/1PQ1P2B/1R2KB1R b - - 1 20,26
rnb1k1nr/ppppbp1p/5q2/4p1p1/4P1PN/1P1P3B/P1P2P1P/RNBQK2R w KQkq - 1 8,18
rnbqkb1r/p1pppp2/7n/1p5p/2PP1Bp1/1P3P2/P3P1PP/RN1QKBNR b KQkq - 0 6,22
rnbqkbr1/1pp1pp1p/p6n/6p1/4pP1P/PPP3P1/3PN3/RNBQKB1R w KQq - 0 13,6
1r2kbr1/pp1b1qp1/2N2p2/2pp3p/1n2pPn1/PP1NP3/2PPQ1PP/R1BK1B1R w - - 2 17,-12
rnb1kbr1/1p1p2p1/p1n2p1p/2p1p2q/1P2P1PP/P2P4/R1P2PBR/1NBQK1N1 b q - 0 13,12
r4kn1/2ppb1qr/1p2pp2/p1P3p1/Pn3PP1/3PP1QP/5N2/R1BK1N1R w - - 1 22,-37
rn1qkb1r/1pp1p2p/7n/p2p2pP/6P1/NPPb4/P3PP2/R1BQKBNR b KQkq - 0 10,-8
r1bqkbr1/p2pp3/n7/2p2ppp/1PPP1B2/7n/1P1NP1P1/1RQ1KBNR w Kq - 0 14,44
rn1qkb1r/1bppp1pp/pn6/5p2/1P1P4/PP1Q3P/3KPPP1/RNB2BNR b kq - 4 11,1
rnb1kbnr/p2ppppp/8/qpp5/P4P2/7P/RPPPP1P1/1NBQKBNR w Kkq - 3 7,-58
r1b3nr/p4npp/1p1qk3/3pNp2/4P3/P3KB1N/P1PP1PPP/R1B2Q1R b - - 0 19,76
rnbq4/p1ppk1pr/3n4/1pN1pp1p/Pb4P1/7P/1BPPPPBR/R2QK1N1 b Q - 5 13,25
rnbq1b1r/ppppkBp1/8/4p3/4n3/2P1PN1p/PP1PKPPP/RNBQ3R w - - 1 8,8
rn2kbnr/1p1qpp1p/3p2p1/p1p5/P1P3bP/R5P1/1P1PPP2/1NBQKBNR b Kkq - 1 8,18
rnbqkb2/1p1ppp2/6pr/p5np/2p5/N1PP1N1P/PP2QPP1/1R2KB1R w Kq - 0 10,28
rn1qkb1r/ppp1pp2/5n2/3p2pp/P2P2b1/4BPPN/1PP1P2P/RN1QKB1R b KQkq - 0 6,-7
r1b1kbnr/p1p1pppp/1pn3q1/3p4/1P1P4/P4N2/R1PQPPPP/1NB1KB1R b Kkq - 6 6,-8
rnbqkbr1/pp2pp1p/2p2n2/3p2p1/4N1P1/1PPP3B/P2BPP1P/R2QK1NR w KQq - 0 9,-20
r1b1kbnr/ppqppp2/n5pp/2p5/2P2P2/N5P1/PPQPP2P/R1B1KBNR w KQkq - 2 6,24
1nb1kbnr/1ppq1ppN/r7/p3p3/3p4/1P4P1/P1PPPP1P/RNBQKBR1 w Qk - 0 7,24
rn3bnr/pbpk1ppp/1p1p4/4p3/P2B3q/1P1P4/R1P1PPPP/1N1QKBNR w K - 0 9,2
r1bqkbnr/pppp2p1/4p3/B3np1p/8/2PP2P1/PP2PP1P/RN1QKBNR w KQkq - 0 6,-8
r1b1k1nr/1pp1b2p/4p1q1/p2N1pN1/2PPPpP1/3Q3B/n4P1P/R3K2R w KQkq - 1 14,-20
rnb1kbr1/pq2B1pp/1pp1pp2/8/2BpPP2/1P6/P1PP2PP/RN1QK1NR b KQq - 1 11,-9
rnbq1bnr/1pppk2p/4pp2/p5BQ/P3P3/3P4/RPP2PPP/1N2KBNR b K - 0 6,37
rnbqkb1r/1ppppp1p/p4n2/5Pp1/2P3Q1/4P1P1/PP1P3P/RNB1KBNR w KQk - 2 7,-37
3q1br1/3rk2p/ppp1b1p1/1N1ppp1P/P5nR/1P1P1PP1/2P1P3/R1BQ1KNB b - - 2 22,-40
r1bqkb1r/1p1ppppp/2p2n2/2n5/3PPP2/1P2B3/P1P1N1PP/RNQ1K2R w Qk - 9 11,0
2bq3r/2ppkppp/r1n4n/pp2P2P/4N3/b6R/1PPPP1P1/R1BQKBN1 b - - 0 11,-62
2b1kb2/1rpqp1p1/pp3p1n/n2P1r2/2PP1P2/P1N3RB/1P2K2P/RNB1Q3 b - - 0 24,-101
rnb1kbnr/pppqp1pp/3p4/5p2/1P6/P1P5/1RQPPPPP/1NB1KBNR b Kkq - 6 6,0
r1bqk1nr/ppp1p2p/n2p1p1b/1P4p1/5PP1/P1P5/3PP2P/RNBQKBNR b KQkq - 0 6,33
2b1kb1r/r4pp1/3p1n2/pPp4p/4pq1P/3PQ1P1/1PKPPPB1/1RB3NR b k - 3 21,27
r1br4/1pNp1qp1/n4kN1/p3pp1p/1PP1P3/3P2PP/Pb3K2/R1BQ1B1R b - - 0 19,3
rnbqk1nr/1pp1pp1p/6pb/p2p4/P5P1/1PP2N1P/3PPP2/RNBQKB1R b KQkq - 0 6,22
1r1q1b1r/2k1n2p/1ppp1p2/p2b4/1P1P2Pp/PQ3PnN/1BP1PKB1/RN5R w - - 0 20,40
rn3kr1/1bp2p2/q3p1p1/p2p3p/4RP2/1Q6/2N1P1PP/B3KBNR b K - 2 25,36
3k1b2/r3p1p1/5nNp/pp1p1p2/bR1PPq2/n1P5/P1Q2KPP/N4B1R w - - 0 25,78
rnbqkbnr/1p1ppp2/6p1/p1p4p/8/1P2PPP1/P1PP2BP/RNBQK1NR w KQkq - 0 6,9
rn1qkbnr/pbpppp2/6pp/1p1P4/7P/6P1/PPP1PP2/RNBQKBNR w KQkq - 3 7,26
r1b1kbnr/pp1p1q2/2n2ppp/2P5/N3pB2/7N/PPP1PPPP/R2QKBR1 b Qkq - 1 11,-75
rn1qkb1r/p2b1n1p/1pp1p3/6p1/3PBpP1/N4P1P/PPP1QK2/R1B3NR b kq - 1 12,-17
rn1qkb1r/ppp1pppp/4b2n/3p4/PP3P2/7P/2PPP1P1/RNBQKBNR w KQkq - 1 6,24
rnbqkb1r/p1p2ppp/4p3/1p1p1n2/2P4P/3P2P1/PP2PP2/RNBQKBNR b KQkq - 3 7,18
rnb1k1nr/1pppqp2/8/p1b3pp/P3p3/1PP5/RBQPPPPP/1N2KBNR w Kkq - 2 9,-17
r1bqk1n1/pppp1ppr/4pb2/7p/Pn1PP3/3B1N2/2PK1PPP/RNBQ3R w q - 0 10,4
1nbqkb1r/rppp1pp1/p6p/3np1N1/1P5P/P1P5/R2PPPP1/1NBQKB1R w Kk - 4 9,26
r1bqkb1r/1ppppp2/n4n2/p1P3pp/P2P4/R2Q2P1/1P2PP1P/1NB1KBNR w Kkq - 3 8,14
r1b1k1r1/2p1bp2/n3p1pp/2Q2q2/N1p1n2P/PP1BP3/3P4/R1BK2NR w q - 4 21,0
r2qkbnr/p1pnpppp/6b1/1p1p1P2/P1P5/1P6/1B1PP1PP/RN1QKBNR b KQkq - 0 7,-18
r1bk3r/ppp2p2/1q2Pn1p/1B5P/4P1pP/2b2P2/PPNB1K2/R3Q1R1 w - - 5 20,6
r1bqkb1r/2ppppp1/ppn2n2/7p/PP6/N1P4P/1B1PPPP1/R2QKBNR w KQk - 5 8,12
1r2kbn1/p1n2ppr/b2pp2p/qPp5/PP2PP1P/8/1B1PK1P1/RN1Q1BNR b - - 0 12,-114
1rbqkb1r/p1pppp1p/2n4n/1pP3p1/4P3/N7/PP1PKPPP/R1BQ1BNR w k - 1 8,-19
rnbqk1nr/pp1ppp2/2p2b2/6pp/7P/NP1PP3/P1P1QPP1/R1B1KBNR w KQkq - 0 8,6
r2qkb1r/p1pbppp1/3p3p/1B2n3/PP1n1P2/4P3/1BPP2PP/RN1QKR2 b Qkq - 4 11,-35
r1b1k2r/2qp1p2/ppn3pp/3P1P2/2Ppp1P1/P5nP/1P1Q4/RNBBK2R w KQkq - 4 19,0
1n1qkb1r/4pppp/1p3n2/rp1p2B1/1P1P3P/2p3P1/1Rb1PPB1/2Q1K1NR w Kk - 4 15,-4
2q4r/r1pk1pb1/b2ppn2/1p2P1p1/1PNP2Pp/p6B/P2PN1KP/R1Q4R w - - 2 20,49
rnbqk3/1p1p1pr1/p1p4n/6p1/P4PPQ/1PNp3N/2P1P2P/1R1K1BbR w q - 0 18,-88
r1qk1bn1/pBp5/1p1pQpr1/6pp/3PPP1P/N5NR/PPP3P1/1RBK4 b - - 2 23,-273
rnbq1k1r/ppppbp2/4p1pp/1P1nP3/2P2PP1/N7/P2P1K1P/R1BQ1BNR b - - 0 9,99
rnb1q1nr/1p1pbk2/p3p1pp/2p2p2/2P1P1Q1/PP1B2PN/3P1P1P/RNB2K1R w - - 2 11,-36
r2qkb1r/pppnpp1p/3p1n2/6p1/QP2P1b1/2P5/PB1P1PPP/RN2KBNR w KQkq - 3 7,6
r1bqk1nr/pp1p2bp/n3p3/2p2pp1/3P4/1PP2P2/P1Q1P1PP/RNB1KBNR w KQkq - 2 9,-17
r1bqkb1r/p2ppppp/2n2n2/1pp5/3P3N/4B2P/PPP1PPP1/RN1QKB1R w KQkq - 0 6,29
rnb1kb1r/pp1p1pp1/8/1Np1p2p/Pq2nP2/3PB3/2P1P1PP/R2QKBNR w KQkq - 0 8,-18
rnbqkbnr/2p5/1p3p1p/P2pp1p1/2P4P/P4P2/1B1PP1P1/RN1QKBNR b KQkq - 1 8,17
r2qk1nr/2p1pp1p/1pnpb1pb/p7/2B4P/3PPN2/PPP2PP1/RNBQKR2 w Qkq - 1 8,32
rnb2bnr/pp1k4/4qp2/1Pp1p1pp/P2pP1P1/R4Q1P/2PPBP1R/1NB1K1N1 w - - 2 15,-24
rnbq1b1r/pppk1ppp/3pp3/8/1P1Pn3/2P4P/P3PPPR/RNBQKBN1 w Q - 1 6,5
1k3b1r/1p1rp2p/5p2/3P1Pp1/p1pP4/P1P1n1Pb/1P5P/R1BBK2R w KQ - 1 26,1
3rkb1r/p3ppp1/n1p2n1P/1p1p1q2/1QP5/PP2P1P1/3P4/RNB1KBNR w KQk - 1 16,0
2bqkbn1/pr1ppppr/1pp5/7P/2n1PP1P/N2P4/PPP2K2/R1BQ1BNR b - - 2 10,46
rnb1kbnr/1ppp1p1p/p4qp1/4p3/Q4P2/2P1P3/PPNP2PP/R1B1KBNR b KQkq - 3 7,6
qn4n1/rb2p1br/5k2/p1pP1ppP/1pPP1B2/3B1PK1/PP5P/RN2Q1NR b - - 2 21,4
r1b2b1r/2q2k2/1n1ppp1p/1pp3p1/p1P1PQP1/P5P1/RP1P1K1P/1NB2BNR w - - 4 21,84
rnbqkb1r/2ppp1pp/pp3n2/1B6/1P3p2/1QP1P3/P2P1PPP/RNB1K1NR w KQkq - 2 6,27
rq1k1bnr/ppp1pppp/n7/6B1/4P1b1/7N/PPPKBPPP/RN1Q3R b - - 2 8,1
1rb1k1n1/p1ppq3/np2P1rp/5pp1/PP2PbP1/2N1BP1P/2P2RB1/R1QK2N1 b - - 1 20,-1
rnb1kbnr/1ppqpp2/3p2p1/p5Pp/P7/8/NPPPPP1P/R1BQKBNR w KQkq - 0 6,-3
1rb3nr/1ppk2bp/4ppp1/PN1p4/P2K4/3PPPnq/2P4P/R1BQ1B1R w - - 0 20,0
rq3b1r/1p2n3/pP1k4/P2pp2p/3P1BbP/R1pP2P1/3NB2R/3K2N1 w - - 0 25,5
r1b1kbnr/pp2pp1p/2np2p1/Q7/6q1/4PN1P/RPPP1PP1/1NB1KB1R b Kkq - 8 12,-30
3rqb1r/1ppk3p/QP1pbp1n/4p1p1/1n6/2PP1PP1/PB1KP2P/RN3BNR w - - 1 17,-10
rnbq1bnr/p3k1pp/1pp1pp2/3p4/PP3P1P/2P5/3PPKP1/RNBQ1BNR w - - 0 7,11
rnbqkbr1/pppp2p1/4pp1p/1P6/P3n3/N7/R1PPPPPP/2BQKBNR b Kq - 1 7,-1
rnbq1b1r/Nppk1ppp/p3p2n/3p4/P4P2/3P3N/1PP1P1PP/R1BQKBR1 w Q - 1 9,42
rnb2bnr/1ppkq2p/p4pp1/3pp3/1P2P1PP/P1P5/3PKP2/RNBQ1BNR w - - 0 8,-8
r3kbr1/p1p2q1p/4b1pn/1P2pp2/1P3N2/1B2nP2/P2P2PP/1RBQK2R w Kq - 0 22,21
rnbqkb1r/1p2ppp1/p1p2n1p/3p4/PP2P3/7N/2PP1PPP/RNBQKB1R w KQkq - 1 6,17
1nbqkbnr/2ppp1pp/5p2/1p4N1/1p6/r4PP1/PBPPP2P/RN1QKB1R w KQk - 1 7,-22
r2qkbnr/ppp1pp1p/n3b3/1B1p2p1/3PP3/N1P3P1/PP1K1P1P/1RBQ2NR b kq - 1 8,-12
r1b1k2r/pB1pbn1p/1p2N3/2p2p2/1P4P1/N7/PRPP1P1P/2BK1R2 b - - 0 18,-3
rnnk1b1r/1ppqp2p/4bp2/3p2P1/pPPPN1P1/P1N1P2P/5K1R/R1B1QB2 b - - 2 23,-85
1nb1kbnr/1pp1pppp/4q2r/p7/2PpPP2/PP3Q2/3P2PP/RNB1KBNR w KQk - 1 8,29
1n1q2nr/r2ppkb1/1pp2pp1/pb3P1p/3Q4/P1N3PN/1PP1P2P/R1B1KB1R b KQ - 3 14,-37
rnbqk2r/3pnppp/2p1p3/pP5P/1b6/1P4PR/P2PPP2/RNBQKBN1 b Qkq - 0 11,1
r1bqkbn1/3pp3/prn3p1/1p3pNp/1pP1PPP1/B2B4/P2PQ2P/RN2K2R w KQq - 2 17,14
rnbq2nr/p2kp2p/1p3p1b/1Npp4/3PPpP1/7P/PPP2K2/R1BQ1BNR b - - 1 9,28
1nbqkbn1/rpp1ppp1/3p3r/p7/1PP1P2p/1Q4P1/P2P1P1P/RNBK1BNR w - - 3 11,17
rnb1kb2/pp1q1p2/3p1n1r/2pPp1pp/1P1Q3P/N7/PBP1PPP1/2R1KBNR w Kq - 0 11,-11
r1b2bnr/p1ppq1p1/1p2pkN1/P4p1p/2P5/N7/2QPPPPP/R1B1KBR1 b Q - 3 12,13
2b1k2r/rpqpp1b1/p6n/2pNnp1p/1PBPPB1P/P4PP1/R1PQN2R/4K3 b - - 3 21,3
rnbq1kn1/1p1p2b1/2r5/p1p1ppPp/P1P5/4P1PP/4K3/RNBQ1BNR w - - 3 19,83
r1bqkbnr/1pppppp1/2n5/p5Qp/3P4/BP6/P1P1PPPP/RN2KBNR w KQkq - 2 6,-18
rnq2bnr/2pppkp1/bp3p2/p4Q1p/P7/1PP2PPN/3PP2P/RNB1KB1R b KQ - 0 8,23
rn1q1knr/2p1p2p/pp1p1pp1/3B4/5PP1/N7/PbPPP1bP/R1BQK2R w KQ - 1 12,33
r1bqk1nr/ppp1b1pp/2npp3/5p2/3PP3/5N2/PPPQ1PPP/RNB1KBR1 w Qkq - 3 6,-2
rnbq2nr/pp1pkp2/Bbp4p/4p1p1/Q3P1P1/N1P4P/PP1P1P2/RNB1K2R w KQ - 4 11,12
rq2k1nr/1bpp1ppp/4p3/pBbP4/3nP3/5N2/PPP1KPPP/RNB2Q1R w kq - 6 11,40
2r1kr2/pB3p2/3p1n1b/n1p2Ppp/P2P1P2/1qPK4/1P1B2PP/1RQ3NR w - - 0 23,0
rnQ1kbr1/1b1ppp1p/1q6/ppP3p1/P4B2/R2P3P/1P2PPP1/1N1K1BNR b - - 2 16,-79
1nb1kbr1/rppp1p2/p7/2P2npp/1P1pB1PP/4q3/P1Q1PP2/RN2K1N1 w Q - 2 19,-42
rnb2b2/pp1kp3/5n1r/3p4/1P1Pq1B1/P7/2Q1PP1P/RNB1K1NR b KQ - 8 15,56
r1bq1bnr/p1pkpppp/n7/1p1p4/5NP1/3P4/PPP1PP1P/RNBQKB1R b KQ - 0 6,-16
1r2kb1r/3p1p1p/bpp1pnp1/Pq5P/2Q1P3/RP1n2P1/3K1P1R/1NB2BN1 w k - 1 24,-11
rnb2k1r/4pp1p/7n/2p1b1p1/Pp4P1/NPPB4/3P1PP1/RNBK2R1 w - - 2 22,11
rn3b1r/p3kppp/2p1q3/Np1p3b/N3P1n1/P3P3/1PPBQPPP/1RK2B1R b - - 1 18,90
r2nk3/p2pqpr1/np6/1Np1B3/2P3P1/1P1PK3/P6P/R1QR3b w - - 4 26,106
1rb1kbnr/1pqppp1p/p3n1p1/8/PPp2P1P/6PB/2PPP3/RNBQK1NR w KQk - 0 10,0
r1b1k1nr/pp2bppp/n1pq4/3pp3/2P1P1PP/P4N2/1P1P1P2/RNBQKB1R w KQkq - 3 7,-42
rn1qkb1r/1p1b1pp1/8/ppPpp2p/4Q1n1/P6P/3PPPB1/RNB1K1NR w KQkq - 0 13,-4
r1bq1bnr/1p1pk1pp/n1p1p3/p4p1P/8/1PN2P2/P1PPP1P1/R1BQKBNR b KQ - 0 7,1
1nbq1rk1/2ppp1bp/rp3pp1/3P1n2/P3P2P/1pBR2P1/1NP2P2/2Q1KBNR b K - 0 18,-44
rnbqkbn1/pp2pp2/3p3r/1Np3Pp/6P1/8/PPPPP2P/R1BQKBNR b KQq - 0 6,-11
1nb1k1nr/rpppqp1p/7b/1p2p1N1/2P1BPp1/4P3/P2P2PP/RNBQ1K1R w k - 0 11,-87
rnbq1bnr/ppp3pp/2k1pp2/3p4/1P2P1Q1/8/P1PP1PPP/RNB1KBNR b KQ - 3 6,24
br1qkb2/p1nppp2/1pp5/6N1/1nPB2pr/NP1PP2B/P4P1R/1R1QK3 w - - 0 15,-68
rn3b1r/p2kp1pp/b1p3P1/1p3p1n/4PQ1P/P7/1P1KBP2/RNB3NR b - - 3 17,33
rnbqk1nr/ppppp1bp/8/3Q4/2PP2p1/4Pp2/PP3PPP/RNB1KBNR b KQkq - 0 8,-45
rnbqkbnr/1p1pp2p/5p2/p1p3p1/8/4NP2/PPPPP1PP/RNBQKB1R w KQkq - 0 6,24
1nb1kbn1/3p2r1/r3p2p/1pPB1Pp1/q7/P5Q1/RPP2PPP/1NB1K1NR b K - 4 14,-134
rn1qkbnr/pp2ppp1/2pp4/7p/3P2bP/4NP1N/PPP1P1P1/R1BQKB1R b KQkq - 4 7,41
1rbk1bnr/p1p1q1pp/n3p3/1p5N/P4p1P/5pPB/1PPP4/RNBQK2R w K - 0 12,-56
rn3bnr/1b2k3/3pp2p/ppP3p1/PPPqRBP1/5Q1P/5P2/1NK2BNR b - - 8 20,37
4kqrr/3n2bp/5n2/Pbppppp1/2P2PP1/2BPK3/R3P2P/1QN2BNR w - - 4 23,36
rn1qk2r/p2pnp2/1p2p1pp/1b6/N1p1PP1P/b6R/PPPP2P1/R1BQKB2 w Qkq - 2 11,-9
rnbqk1nr/p2pbp1p/1p2p3/2p3p1/2P5/P2P3N/1P2PPPP/RNBQKBR1 w Qkq - 0 6,-40
rn2kb1r/p3p1pp/bpp1qp2/3p1n2/NPPP3P/4PP2/P1Q3P1/R1B1KBNR w KQkq - 1 10,6
r1b1kq1r/pppp1Bbp/n4pp1/4p3/PP6/4PN2/2PP1PPP/RNBQK2R b KQkq - 2 8,28
rn1qkb1r/ppp1pp2/3p1n2/1b4pp/2P4P/1P2PQ2/P1NP1PP1/R1B1KBNR b KQkq - 2 7,-18
rnbqk1r1/p2p3p/2p2ppb/1P2PB2/3Q3P/2P1nNP1/1P1B1P2/RN2K2R b KQ - 0 14,13
rnb1kbnr/pppp2pp/7q/4pp2/2PP4/6P1/PP2PP1P/RNBQKBNR b KQkq - 0 6,-21
1rbqkb1r/p2pp1p1/n1p2n1p/1p3p2/3P4/N2Q2PN/PPP1PPBP/R1B1K2R b KQk - 5 8,9
r3b2r/p1p1pk2/n6b/1P4p1/7p/PPN2P1N/6PP/R1B2K1R b - - 0 23,36
r1b1kb1r/pp1ppp1p/n4np1/q1p5/8/2NP2PN/PPPBPP1P/R2QKB1R b KQkq - 0 7,-23
r1bqkb1r/1ppppp1p/n4n2/6p1/p5P1/PPN2B1N/2PPPP1P/R1BQK2R w KQkq - 0 8,9
rnbqkb1r/pppppp2/5np1/7p/QP3P2/2P4N/P2PP1PP/RNB1KB1R w KQkq - 2 6,-31
r1q1kb2/p2np3/1p3pr1/3pnQp1/bPp2PPp/2P3NP/1R2P1R1/2B1KBN1 w - - 2 25,36
rnb1kbnr/pp2pp2/1qp3pp/3p4/P3N3/4PN2/1PPP1PPP/R1BQKB1R w KQkq - 0 6,4
r2qkbnr/p3p2p/bpn3p1/2pp4/2B1p3/NP1P1N1P/P1P2PP1/R1BQK2R w KQkq - 3 12,-2
rn2kbnr/1p6/2pp1p1p/pq4B1/P1P3b1/3P1P2/1P3QP1/RN1K1BNR b kq - 3 16,19
rnbqkb2/pp2pp2/6pn/2pPr3/PPN4p/5Q1P/3PPPP1/R1B1KBNR b KQq - 0 10,28
rn2kbr1/2q1pp2/2ppbN1p/1B4p1/p6P/1P2P1PN/P1PP1P2/R1BQK1R1 b Qq - 0 12,-17
rnbk1bnr/ppqp1p1p/2p1p1p1/8/7P/3R4/PPPPPPP1/RNBQKBN1 w Q - 4 6,-24
r1bqkbr1/ppnN1p1p/8/2p1p1p1/3n4/1P3BP1/P1PPPP1P/RNBQ1K1R w q - 0 10,21
rn2k1nN/p7/b1pb1q2/1pQp1pp1/4p3/1P4P1/P2PPP1R/RNB1KB2 w Q - 2 18,56
rnbqkb1r/3p1pp1/pp2p3/2pn3p/PP6/2P2NP1/3PPPBP/RNBQK2R b KQkq - 0 8,-25
rnbqk1nr/ppppb3/5pp1/4p2p/4P1P1/4NP2/PPPP3P/R1BQKBNR w KQkq - 0 7,33
r1b1k1nr/1p1np1b1/p1p2pP1/3p3p/Pq1P4/2N1P1PP/1PPQ3R/1RB1KBN1 b kq - 4 13,28
1nbqkbnr/1p1ppp2/r1p4p/p5p1/5P2/7P/PPPPPKPN/RNBQ1B1R w k - 0 6,32
2rk1b2/p5p1/N6r/Pbppp1P1/4PPpP/1QP5/1P1n4/1RBK2NR b - - 0 25,-6
r1bqkbnr/2pp1pp1/2n4p/pp2p3/3P4/6PB/PPP1PP1P/RNBQK1NR w KQkq - 0 6,24
rnb1kb1r/p3pppp/3q3n/2pp1P2/1pP5/1P2P3/P2PB1PP/RNBQK1NR w KQkq - 1 8,-15
rnb1kbnr/pp1pp1p1/2p2p2/q2P4/5B1p/5N2/PPP1PPPP/RN1QKB1R w KQkq - 2 6,31
3r2k1/rp1b2b1/n3pn2/2p2p1p/2NQ1P2/6P1/R1PPK2P/2B2BNR b - - 0 25,21
rnbq1r2/1ppk1pnp/4p1p1/pN1pb1P1/7Q/2BPP3/PPP2P1P/1R1K1BNR b - - 2 16,-11
rnbq1bnr/1p1ppkpp/5p2/2p5/p4PP1/8/PPPPPK1P/RNBQ1BNR w - - 2 6,-22
rnbqk1r1/ppppppb1/2B2n2/6pp/8/6P1/PPPPPP1P/RNBQK1NR w KQq - 6 6,-4
1nb1k1nr/r3b3/4p1pp/pp1p1p2/1P2q3/N2PPPPB/PNP4K/R1B1QR2 b k - 1 15,-38
1n2kbnr/rp2ppB1/p1b3p1/3p4/2p5/5P1P/PPP1P1P1/RN1K1BR1 w k - 0 17,-42
rn1k1bnr/p1p1p3/qp2b1pp/3p1p2/1PPP1P2/B3P3/P2KB1PP/RN3QNR b - - 3 12,58
1rbq1bn1/1p1n1kpr/1QB5/4ppP1/2PPNN1p/PP3P2/4p2P/R1B1K2R b KQ - 12 21,-127
1nbk1br1/r7/4p2p/pp1BPp2/3P2Pp/2P1P3/PP6/R1BK2NR w - f6 0 26,-46
rnbqkbnr/1pp1pp1p/p7/3p2p1/4PP2/N7/PPPP2PP/R1BQKBNR w KQkq - 1 6,0
r2qkb1r/p1p1pppp/bp1pn2n/3N4/5N2/1P6/P1PPPPPP/1RBQKBR1 w kq - 9 8,21
2r1knr1/ppq2ppp/1p2p3/2n1Q1b1/P4P1P/1P3N2/3PP3/1R1K1B1R w - - 1 25,-8
r1bqkb1r/p2pp2p/1pn2p2/2p2np1/2P2P2/1P6/P2PP1PP/RNBQKBNR w KQkq - 0 9,-19
rnbqkb1r/p2pp1pp/1p3n2/2p2p2/P1P5/N2PB3/1PQ1PPPP/R3KBNR w KQkq - 0 8,-23
1r2k1r1/pp2pp2/2p3pb/3nq2p/QP2NP2/1B1P2Pb/P1PNPR1P/R1B4K b - - 4 19,-22
r1bqkbnr/pppnp3/5ppp/3p4/QPPP4/4P3/P2K1PPP/RNB2BNR b kq - 1 6,-2
r4br1/pp1knp2/B2p2Np/qPp1p1p1/P3P1b1/B4PP1/2RP1KRP/1N5Q b - - 1 20,15
1nbqkbnr/r1pp2p1/p3pp2/1p1B3p/P6P/N3P1PR/1PPP1P2/R1BQK1N1 w Qk - 0 9,-39
r3kbnr/3n1ppp/qpp1p3/p2p1bB1/P2PPPP1/2P2N1P/NP3K2/R4Q1R w kq - 1 16,-50
rn1qkbnr/3p1p1p/p1b1p1pB/1p6/2PpP1P1/P2Q1P1P/1P2K1B1/RN4NR w k - 2 14,34
1nbq1bnr/r2p1kp1/ppp5/4pp1p/1P3P1P/1RPN4/P2PP1P1/2BQKBNR b K - 1 10,11
rnbqkbn1/1ppppp2/6pr/p7/P4P1p/2R5/1PPPP1PP/1NBQKBNR w Kq - 0 6,-11
rnbk1bn1/pp3pp1/2ppr3/q6p/2P3P1/2N5/RP1PPP1P/2B1KBNR w K - 2 12,-21
5k1r/1bq4p/2nppP1b/rNQ5/p5Pn/2P4B/PP1P1P1P/R1B1K2R w KQ - 1 22,-71
rnb1kbnr/ppp3p1/4p3/3p1p1p/4PP1q/2N3PN/PPPP3P/1RBQKB1R b Kkq - 1 6,-38
r1bqk1nr/ppn1pp1p/2p3p1/3P4/1PBP4/P3bN2/2P2PPP/RNBQK2R b KQkq - 0 8,-33
rn2kbnr/1b2q3/pp2pp1p/8/PPQpP3/7p/1B1NNPP1/R2K1B1R b kq - 0 19,20
rnb1r3/ppqkn1p1/2p5/4pP1p/3p1PP1/P1N4B/P1PPK2P/R1B2QNR b - - 3 12,-27
rnbqkbnr/pp1ppp2/7p/2p3p1/2BPP3/6P1/PPP1QP1P/RNB1K1NR b KQkq - 0 7,18
r1b1k2r/nppp1p2/4p3/pPPNP1Np/P5p1/2Bq4/3P1PP1/R1Q1KBn1 b Qq - 2 22,5
2r1k1nr/p4p1p/n1p3pb/qp1Ppb2/3P1P2/1P4PP/PB1QPKB1/RN4NR b k - 3 12,-124
1nb1kr2/2pp1p1p/rp2N2p/p2P1n2/NPP5/P3q3/5PPb/RQ1K1B2 w - - 0 23,-13
1nb2k1r/rp1p1ppp/p1pbqn2/8/P6Q/4P2P/1PP1BPP1/RNBK2NR b - - 2 13,27
rnb1kb1r/pp2pppp/3q1n2/2p5/3p1P2/NP5N/P1PPP1PP/R1BQKB1R w Kkq - 1 8,-53
rnb1kbnr/ppp3pp/3qp3/5p2/PP1pP2P/R7/2PP1PP1/1NBQKBNR w Kkq - 1 8,-34
rnbqk1nr/3pb2p/ppp1ppp1/2P3P1/P6P/5P2/1P1PP3/RNBQKBNR w KQkq - 1 10,6
r4b1r/pb2pkpp/nq6/1p1p1p2/3PPPn1/1P1Q3P/P1P3P1/R1B1KBNR w KQ - 0 15,-12
r3kb1r/p2ppp2/1q4p1/1Ppb4/1P3BPp/N2P4/2QRPPBP/4K2R b K - 3 22,6
rnbqk1r1/2p4p/p2p1p2/bp2pnpP/4PPP1/N3R3/PPPPB3/R1BQK1N1 w Qq - 1 15,-64
2bqkb2/1ppnpppr/r2p1n1p/PB6/6Q1/N3P2N/P1PP1PPP/R1B1K1R1 w Q - 3 9,-29
rnbqkb1r/2ppp2p/5ppn/p7/1p2P2P/2P5/PP1PKPP1/RNBQ1BNR w kq - 0 7,23
rn1qkb1r/2pppppp/2b4n/1p6/p1PB4/3P4/PP2PPPP/RN1QKBNR w KQkq - 2 7,20
r3k1n1/1bp5/1pqbpp1r/pN1p2p1/PP4PP/2PK1P2/RQ1P4/2B2BR1 w - - 2 25,0
rn1qkb1r/1ppbpp1p/p5pn/1B1p4/3PP3/P7/1PP1KPPP/RNBQ2NR w kq - 0 6,-39
rnb1kbr1/1pp2ppp/3p1q1n/p3p3/6P1/3P1P1P/PPPNP2R/R1BQKBN1 w Qq - 0 7,-23
2b2bnr/2r1k1p1/1pp2p1p/p2PpP2/PP2BP2/3P2PP/RnN5/2B1K1NR b - - 6 23,23
rnb1kb1r/ppp1q1pp/3pp3/5p2/Pn1P4/2N1PP1P/1PP3P1/1RBQKBNR w Kkq - 0 8,-6
1rb1k1r1/p1np4/3b3n/q1p1pp1p/P1B2PpP/4P1P1/1PPP1N2/RNBQK2R b K - 7 18,4
1nbq1br1/1r1pkpp1/1pp1p2p/p4n2/3N1PP1/2PPPB1P/PP3K2/RNBQ3R b - - 5 15,-49
rnb2rk1/ppbp2p1/4p3/2P2p1p/5Pnq/NQP3P1/PP2P2P/R1B1KBNR b KQ - 2 11,-25
r1b1kbnr/p2p1qp1/1p2p2p/8/Pn2P1P1/2p2P2/2P2NBP/RNBQK2R w Kkq - 0 14,15
rnbqkb1r/p1p3pp/1p1ppp1n/8/8/2PPP2P/PP1QNPP1/RNB1KB1R b KQkq - 1 6,13
r1b1k1nr/p2p1p1p/B2b1q2/1pp1p1P1/8/4P3/PPPP2PP/RNB1KQNR b KQkq - 0 8,18
rn1qkb1r/pp1np1pp/3p1p2/2p3B1/3P2P1/2N5/PPP1PP1P/R1Q1KBNR b KQkq - 1 8,-8
r2qkbnr/p2pp1p1/b6p/1pp2p2/1nN2P2/P2PP3/1PP2QPP/R1B1KBNR b KQkq - 1 9,18
2b1k1nr/p1ppnp1p/1r2q2B/1p1P2p1/PN4P1/1PN2p2/2P1PK1P/R2Q1B1R b k - 0 14,87
r2q1bnr/pppkpppp/n5b1/2Pp3B/1P6/4P2N/P2P1PPP/RNBQK2R b KQ - 4 7,-24
r1bqkbnr/2pppp2/p1n4p/1pN3p1/6P1/5N2/PPPPPP1P/R1BQKB1R w KQkq - 0 6,10
rnbq1bnr/p2k3p/2pp2p1/4pp2/Pp1PP2P/1RR2KP1/1PPB1PB1/1N1Q2N1 w - - 4 18,-63
2N2b1r/3k1p1p/1rnp4/1p2p3/pP4p1/P1PpP3/R1Q1P1PP/1N1K1BR1 b - - 0 23,26
1n1qkb1r/r1p1pppp/8/pp1p1bB1/1P1P1Qn1/N4PPP/P1P1P3/R3KBNR b KQk - 2 9,21
r1b3nr/1p1p1p1p/nq3kp1/p1p1p3/2Pb1PP1/PN1P3P/QP2K3/1RB2BNR w - - 3 16,8
r1bqk2r/ppppppbp/6p1/n6n/2PP1P2/1P2P3/P1B3PP/RNBQK1NR b KQkq - 4 7,20
1rbk1Br1/pp1p3p/n1p1ppp1/P7/2PPPqn1/bPN2N1P/5QP1/R3KB1R w KQ - 9 20,43
r1bqkN1r/p1pnppp1/np5p/N2p2P1/PP6/6R1/R1PPPP1P/2BQKB2 b - - 0 16,-45
r1bqkb2/2ppnppr/4p3/pP5p/1PPPnP2/7P/3QP1P1/RNB1KBNR w KQ - 5 14,-16
2bqkb1r/r1pppppp/2n4n/1p6/2P5/P2QPN2/PB1P1PPP/RN1K1B1R b k - 4 8,-34
rnb2rk1/p1p2ppp/1p5n/1N2p2q/1bP5/4p1PP/PP1P1PB1/RQB1K1NR w KQ - 0 12,-76
1nq2b1r/rbk4p/Pppp1pp1/8/N1P1p3/4P2P/PB1K1PBN/R1nQ3R b - - 2 19,19
r1b1kb1r/ppqpppp1/n1p4p/3n3P/1P1P4/P1P2P2/4P1P1/RNBQKBNR b KQq - 0 11,-27
rnbqk1nr/4p1b1/pp1p1ppp/2p5/P2P1PP1/7P/1PP1P1R1/RNBQKBN1 b Qkq - 0 9,19
rnb1kbn1/p5p1/Pq1ppp1r/2p4p/1p1P1P2/1P2P2P/2P2KP1/RNBQ1BNR b q - 0 10,32
rnbqk1nr/p2pppbp/1pp3p1/8/P1PP4/1P2P3/R2B1PPP/1N1QKBNR b Kkq - 4 7,-3
